"ts","elapsed_s","ok","latency_ms","mouse_x","mouse_y","window","clicks_since","controlEnabled","failsafe","failsafeLatched","commandAgeMs","arming","sp_throttle","sp_roll","sp_pitch","sp_yaw","st_roll","st_pitch","st_yaw","rate_roll","rate_pitch","rate_yaw","corr_roll","corr_pitch","corr_yaw","m1","m2","m3","m4","mpu_online","mpu_valid","mpu_calib","mpu_calibPct","ax","ay","az","gx","gy","gz","att_roll","att_pitch","att_yaw","accelNormG","mpu_temp","mpu_ageMs","bmp_online","bmp_altM","bmp_refReady","gps_valid","gps_sats"
"2026-06-20 15:09:13.800","0,24","True","219,5","971","686","C:\WINDOWS\system32\cmd.exe","0","False","EMERGENCY_STOP","False","8853","False","2000","0,00","0,00","0,00","4,39","0,93","137,90","0,69","-0,02","-2,71","-19,96","-4,82","-250,00","2000","1765","2000","1734","True","True","True","100","-0,0694","-0,0027","0,9984","-0,012","-0,019","-0,171","-0,19","3,98","85,16","1,001","30,02","8","True","1,37","True","False","0"
"2026-06-20 15:09:14.318","0,67","True","131","870","790","C:\WINDOWS\system32\cmd.exe","0","False","EMERGENCY_STOP","False","9343","False","2000","0,00","0,00","0,00","4,39","0,93","137,90","0,69","-0,02","-2,71","-19,96","-4,82","-250,00","2000","1765","2000","1734","True","True","True","100","-0,0697","-0,0032","0,9987","0,026","-0,050","-0,110","-0,19","3,97","85,15","1,002","30,05","5","True","1,35","True","False","0"
"2026-06-20 15:09:14.699","1,05","True","131,5","835","822","C:\WINDOWS\system32\cmd.exe","0","False","EMERGENCY_STOP","False","9725","False","2000","0,00","0,00","0,00","4,39","0,93","137,90","0,69","-0,02","-2,71","-19,96","-4,82","-250,00","2000","1765","2000","1734","True","True","True","100","-0,0688","-0,0036","0,9984","0,049","0,027","-0,132","-0,19","3,97","85,08","1,000","30,03","9","True","1,35","True","False","0"
"2026-06-20 15:09:15.044","1,39","True","127,8","824","830","C:\WINDOWS\system32\cmd.exe","0","False","EMERGENCY_STOP","False","10070","False","2000","0,00","0,00","0,00","4,39","0,93","137,90","0,69","-0,02","-2,71","-19,96","-4,82","-250,00","2000","1765","2000","1734","True","True","True","100","-0,0680","-0,0029","0,9982","0,003","-0,050","-0,125","-0,19","3,96","85,08","1,000","30,04","5","True","1,36","True","False","0"
"2026-06-20 15:09:15.391","1,76","True","146,5","820","838","C:\WINDOWS\system32\cmd.exe","0","False","EMERGENCY_STOP","False","10416","False","2000","0,00","0,00","0,00","4,39","0,93","137,90","0,69","-0,02","-2,71","-19,96","-4,82","-250,00","2000","1765","2000","1734","True","True","True","100","-0,0697","-0,0033","0,9973","0,064","0,225","-0,140","-0,19","3,97","84,97","1,000","30,06","18","True","1,36","True","False","0"
"2026-06-20 15:09:15.774","2,12","True","126,3","820","838","C:\WINDOWS\system32\cmd.exe","1","False","EMERGENCY_STOP","False","10801","False","2000","0,00","0,00","0,00","4,39","0,93","137,90","0,69","-0,02","-2,71","-19,96","-4,82","-250,00","2000","1765","2000","1734","True","True","True","100","-0,0698","-0,0027","0,9977","0,057","-0,057","-0,079","-0,18","3,97","85,02","1,000","30,04","12","True","1,38","True","False","0"
"2026-06-20 15:09:16.112","2,46","True","131,9","820","838","Drone Avionics Console - Google Chrome","0","False","EMERGENCY_STOP","False","11138","False","2000","0,00","0,00","0,00","4,39","0,93","137,90","0,69","-0,02","-2,71","-19,96","-4,82","-250,00","2000","1765","2000","1734","True","True","True","100","-0,0694","-0,0026","0,9969","-0,020","-0,019","-0,071","-0,18","3,97","84,94","0,998","30,06","6","True","1,39","True","False","0"
"2026-06-20 15:09:16.473","2,82","True","129,4","939","454","Drone Avionics Console - Google Chrome","0","False","EMERGENCY_STOP","False","11498","False","2000","0,00","0,00","0,00","4,39","0,93","137,90","0,69","-0,02","-2,71","-19,96","-4,82","-250,00","2000","1765","2000","1734","True","True","True","100","-0,0695","-0,0028","0,9977","0,003","-0,072","-0,010","-0,19","3,97","85,05","1,000","30,04","6","True","1,39","True","False","0"
"2026-06-20 15:09:16.819","3,17","True","130","914","448","Drone Avionics Console - Google Chrome","0","False","EMERGENCY_STOP","False","11844","False","2000","0,00","0,00","0,00","4,39","0,93","137,90","0,69","-0,02","-2,71","-19,96","-4,82","-250,00","2000","1765","2000","1734","True","True","True","100","-0,0693","-0,0029","0,9981","-0,035","-0,065","-0,140","-0,18","3,97","85,19","1,001","30,04","18","True","1,40","True","False","0"
"2026-06-20 15:09:17.166","3,51","True","128","914","719","Drone Avionics Console - Google Chrome","0","False","EMERGENCY_STOP","False","12191","False","2000","0,00","0,00","0,00","4,39","0,93","137,90","0,69","-0,02","-2,71","-19,96","-4,82","-250,00","2000","1765","2000","1734","True","True","True","100","-0,0700","-0,0032","0,9979","-0,027","-0,042","-0,102","-0,19","3,98","85,10","1,001","30,04","8","True","1,40","True","False","0"
"2026-06-20 15:09:17.527","3,9","True","153,9","1243","768","Drone Avionics Console - Google Chrome","0","False","EMERGENCY_STOP","False","12553","False","2000","0,00","0,00","0,00","4,39","0,93","137,90","0,69","-0,02","-2,71","-19,96","-4,82","-250,00","2000","1765","2000","1734","True","True","True","100","-0,0707","-0,0035","0,9979","0,034","-0,057","-0,110","-0,19","3,99","84,88","1,001","30,05","18","True","1,42","True","False","0"
"2026-06-20 15:09:17.902","4,25","True","128,8","1201","730","Drone Avionics Console - Google Chrome","0","False","EMERGENCY_STOP","False","12927","False","2000","0,00","0,00","0,00","4,39","0,93","137,90","0,69","-0,02","-2,71","-19,96","-4,82","-250,00","2000","1765","2000","1734","True","True","True","100","-0,0692","-0,0029","0,9974","0,003","0,050","-0,056","-0,18","3,99","84,87","1,000","30,04","15","True","1,43","True","False","0"
"2026-06-20 15:09:18.248","4,59","True","124,9","1201","730","Drone Avionics Console - Google Chrome","0","False","EMERGENCY_STOP","False","13274","False","2000","0,00","0,00","0,00","4,39","0,93","137,90","0,69","-0,02","-2,71","-19,96","-4,82","-250,00","2000","1765","2000","1734","True","True","True","100","-0,0688","-0,0039","0,9975","0,026","0,004","-0,094","-0,19","3,98","84,62","1,001","30,04","3","True","1,44","True","False","0"
"2026-06-20 15:09:18.616","4,97","True","132,9","1201","730","Drone Avionics Console - Google Chrome","1","True","NONE","False","109","False","2000","0,00","0,00","84,65","3,98","-0,19","84,65","-0,06","0,05","-0,09","-19,08","0,88","0,09","1981","2000","2000","1980","True","True","True","100","-0,0764","-0,0128","0,9914","0,141","0,538","-0,361","-0,21","4,00","84,75","0,985","30,03","21","True","1,45","True","False","0"
"2026-06-20 15:09:18.975","5,34","True","143,1","1201","730","Drone Avionics Console - Google Chrome","0","False","MANUAL_OVERRIDE","True","25","False","2000","0,00","0,00","84,65","3,98","-0,19","84,67","0,90","-0,07","-0,18","-15,70","0,55","0,07","1984","2000","2000","1983","True","True","True","100","-0,0799","-0,0141","0,9746","0,194","1,676","3,516","-0,30","4,12","85,59","0,968","30,05","22","True","1,48","True","False","0"
"2026-06-20 15:09:19.332","5,69","True","136,7","1181","659","Drone Avionics Console - Google Chrome","0","False","MANUAL_OVERRIDE","True","103","False","2000","0,00","0,00","84,65","3,98","-0,19","84,67","0,90","-0,07","-0,18","-15,96","0,76","-0,04","1984","2000","2000","1983","True","True","True","100","-0,0841","-0,0097","0,9913","0,507","1,416","1,791","-0,18","4,63","86,67","1,057","30,04","12","True","1,50","True","False","0"
"2026-06-20 15:09:19.681","6,03","True","131,2","1098","427","Drone Avionics Console - Google Chrome","0","False","MANUAL_OVERRIDE","True","214","False","2000","0,00","0,00","84,65","3,98","-0,19","84,67","0,90","-0,07","-0,18","-15,98","0,76","-0,04","1984","2000","2000","1983","True","True","True","100","-0,0360","-0,0787","0,9474","1,896","2,118","-0,850","-0,27","4,48","87,27","0,927","30,05","7","True","1,51","True","False","0"
"2026-06-20 15:09:20.044","6,4","True","132,9","1098","427","Drone Avionics Console - Google Chrome","0","False","MANUAL_OVERRIDE","True","89","False","2000","0,00","0,00","84,65","3,98","-0,19","84,67","0,90","-0,07","-0,18","-16,02","0,76","-0,04","1984","2000","2000","1983","True","True","True","100","-0,0505","-0,0568","0,9636","1,385","1,546","-0,262","-0,37","4,24","87,72","0,952","30,03","12","True","1,53","True","False","0"
"2026-06-20 15:09:20.406","6,77","True","146,1","1098","427","Drone Avionics Console - Google Chrome","0","False","MANUAL_OVERRIDE","True","195","False","2000","0,00","0,00","84,65","3,98","-0,19","84,67","0,90","-0,07","-0,18","-16,04","0,77","-0,04","1984","2000","2000","1983","True","True","True","100","-0,0893","0,0304","1,0208","-0,493","-1,072","2,104","-0,22","4,13","88,33","1,005","30,05","12","True","1,55","True","False","0"
"2026-06-20 15:09:20.788","7,13","True","128,9","1098","427","Drone Avionics Console - Google Chrome","0","False","MANUAL_OVERRIDE","True","85","False","2000","0,00","0,00","84,65","3,98","-0,19","84,67","0,90","-0,07","-0,18","-16,08","0,77","-0,04","1984","2000","2000","1983","True","True","True","100","-0,0864","0,0701","1,0318","-1,783","-1,645","2,822","-0,34","4,02","88,65","1,088","30,03","6","True","1,56","True","False","0"
"2026-06-20 15:09:21.134","7,5","True","149,2","1098","427","Drone Avionics Console - Google Chrome","0","False","MANUAL_OVERRIDE","True","177","False","2000","0,00","0,00","84,65","3,98","-0,19","84,67","0,90","-0,07","-0,18","-16,10","0,77","-0,04","1984","2000","2000","1983","True","True","True","100","-0,0690","-0,0275","0,9935","1,102","0,172","-1,140","-0,45","3,94","88,80","0,954","30,03","19","True","1,57","True","False","0"
"2026-06-20 15:09:21.500","7,86","True","143,1","1098","427","Drone Avionics Console - Google Chrome","0","False","MANUAL_OVERRIDE","True","51","False","2000","0,00","0,00","84,65","3,98","-0,19","84,67","0,90","-0,07","-0,18","-16,14","0,77","-0,04","1984","2000","2000","1983","True","True","True","100","-0,0759","0,0631","1,0247","-1,424","-0,836","1,173","-0,56","3,90","88,93","1,040","30,04","13","True","1,57","True","False","0"
"2026-06-20 15:09:21.871","8,22","True","131,4","753","495","Drone Avionics Console - Google Chrome","0","False","MANUAL_OVERRIDE","True","141","False","2000","0,00","0,00","84,65","3,98","-0,19","84,67","0,90","-0,07","-0,18","-16,16","0,77","-0,04","1984","2000","2000","1983","True","True","True","100","-0,0843","0,0588","1,0235","-1,882","-0,691","1,448","-0,54","3,88","88,88","1,070","30,03","14","True","1,55","True","False","0"
"2026-06-20 15:09:22.248","8,6","True","132","630","530","Drone Avionics Console - Google Chrome","0","False","MANUAL_OVERRIDE","True","44","False","2000","0,00","0,00","84,65","3,98","-0,19","84,67","0,90","-0,07","-0,18","-16,20","0,77","-0,04","1984","2000","2000","1982","True","True","True","100","-0,0671","-0,0313","0,9962","-0,050","-0,332","-0,934","-0,34","3,98","88,98","1,026","30,04","14","True","1,52","True","False","0"
"2026-06-20 15:09:22.599","8,97","True","148,8","630","530","Drone Avionics Console - Google Chrome","1","False","MANUAL_OVERRIDE","True","142","False","2000","0,00","0,00","84,65","3,98","-0,19","84,67","0,90","-0,07","-0,18","-16,22","0,77","-0,04","1984","2000","2000","1982","True","True","True","100","-0,0702","-0,0016","0,9972","0,988","-0,790","0,142","0,04","3,94","89,19","0,977","30,03","11","True","1,52","True","False","0"
"2026-06-20 15:09:22.962","9,48","True","300,4","630","530","Drone Avionics Console - Google Chrome","0","False","MANUAL_OVERRIDE","True","87","False","2000","0,00","0,00","84,65","3,98","-0,19","84,67","0,90","-0,07","-0,18","-16,26","0,78","-0,04","1984","2000","2000","1982","True","True","True","100","-0,0752","0,0547","1,0137","-1,829","-0,187","1,478","0,09","3,92","89,40","1,054","30,03","21","True","1,52","True","False","0"
"2026-06-20 15:09:23.483","10,06","True","354,6","630","530","Drone Avionics Console - Google Chrome","0","False","MANUAL_OVERRIDE","True","124","False","2000","0,00","0,00","84,65","3,98","-0,19","84,67","0,90","-0,07","-0,18","-16,30","0,78","-0,04","1984","2000","2000","1982","True","True","True","100","-0,0926","0,0256","1,0367","-0,646","-0,958","1,585","0,00","3,91","89,24","1,044","30,03","19","True","1,54","True","False","0"
"2026-06-20 15:09:24.078","10,64","True","339,7","630","530","Drone Avionics Console - Google Chrome","0","False","MANUAL_OVERRIDE","True","26","False","2000","0,00","0,00","84,00","3,98","-0,19","84,67","0,90","-0,07","-0,18","-16,35","0,78","-2,33","1986","2000","2000","1980","True","True","True","100","-0,0622","-0,0137","1,0011","-0,073","-0,439","-0,392","0,01","3,90","89,37","1,010","30,03","7","True","1,56","True","False","0"
"2026-06-20 15:09:24.630","11,29","True","444,8","630","530","Drone Avionics Console - Google Chrome","0","False","MANUAL_OVERRIDE","True","236","False","2000","0,00","0,00","8,00","3,98","-0,19","84,67","0,90","-0,07","-0,18","-16,38","0,78","-250,00","2000","1767","2000","1732","True","True","True","100","-0,0647","-0,0126","0,9885","-0,088","0,241","-1,270","-0,22","3,97","89,40","1,014","30,03","17","True","1,60","True","False","0"
"2026-06-20 15:09:25.351","12,32","True","756,4","630","530","Drone Avionics Console - Google Chrome","0","False","MANUAL_OVERRIDE","True","201","False","2000","0,00","0,00","80,00","3,98","-0,19","84,67","0,90","-0,07","-0,18","-16,45","0,79","71,21","1913","2000","1944","2000","True","True","True","100","-0,0878","-0,0103","0,9972","-3,096","-0,225","4,555","-0,41","4,00","89,91","1,073","30,04","11","True","1,61","True","False","0"
"2026-06-20 15:09:26.348","13,09","True","526,4","630","530","Drone Avionics Console - Google Chrome","0","False","MANUAL_OVERRIDE","True","33","False","2000","0,00","0,00","80,00","3,98","-0,19","84,67","0,90","-0,07","-0,18","-16,54","0,79","-10,97","1995","2000","2000","1971","True","True","True","100","-0,0915","0,0256","1,0240","-0,966","-1,065","3,226","-0,20","3,81","89,82","1,034","30,03","6","True","1,63","True","False","0"
"2026-06-20 15:09:27.099","13,71","True","396,1","630","530","Drone Avionics Console - Google Chrome","0","False","MANUAL_OVERRIDE","True","24","False","2000","0,00","0,00","0,00","3,98","-0,19","84,67","0,90","-0,07","-0,18","-16,59","0,79","-187,33","2000","1830","2000","1795","True","True","True","100","-0,0459","-0,0116","0,9848","-0,752","0,294","0,593","0,33","3,75","89,61","1,027","30,02","15","True","1,66","True","False","0"
"2026-06-20 15:09:27.749","14,19","True","223","630","530","Drone Avionics Console - Google Chrome","0","False","MANUAL_OVERRIDE","True","29","False","2000","0,00","0,00","0,00","3,98","-0,19","84,67","0,90","-0,07","-0,18","-16,64","0,79","-187,47","2000","1829","2000","1795","True","True","True","100","-0,0461","-0,0593","0,9649","1,133","1,790","-3,781","-0,09","3,82","89,29","0,956","30,05","2","True","1,69","True","False","0"
"2026-06-20 15:09:28.200","14,66","True","240,2","630","530","Drone Avionics Console - Google Chrome","0","False","MANUAL_OVERRIDE","True","341","False","2000","0,00","0,00","0,00","3,98","-0,19","84,67","0,90","-0,07","-0,18","-16,66","0,80","-187,47","2000","1829","2000","1795","True","True","True","100","-0,1049","0,0476","1,0209","-0,684","-2,133","-2,224","-0,07","3,87","88,85","1,019","30,03","16","True","1,71","True","False","0"
"2026-06-20 15:09:28.669","15,03","True","143","630","530","Drone Avionics Console - Google Chrome","0","False","MANUAL_OVERRIDE","True","215","False","2000","0,00","0,00","0,00","3,98","-0,19","84,67","0,90","-0,07","-0,18","-16,70","0,80","-187,47","2000","1830","2000","1795","True","True","True","100","-0,0946","0,0015","1,0081","-1,134","0,576","1,005","-0,16","4,02","88,99","0,981","30,03","7","True","1,71","True","False","0"
"2026-06-20 15:09:29.030","15,38","True","128,2","630","530","Drone Avionics Console - Google Chrome","0","False","MANUAL_OVERRIDE","True","63","False","2000","0,00","0,00","0,00","3,98","-0,19","84,67","0,90","-0,07","-0,18","-16,74","0,80","-187,47","2000","1830","2000","1794","True","True","True","100","-0,0896","0,0117","0,9933","0,522","0,851","-1,209","-0,13","4,22","89,30","0,965","30,02","10","True","1,71","True","False","0"
"2026-06-20 15:09:29.376","15,72","True","128,5","728","552","Drone Avionics Console - Google Chrome","0","False","MANUAL_OVERRIDE","True","151","False","2000","0,00","0,00","0,00","3,98","-0,19","84,67","0,90","-0,07","-0,18","-16,76","0,80","-187,47","2000","1830","2000","1794","True","True","True","100","-0,0694","0,0462","1,0234","-2,020","-0,950","0,684","-0,11","4,14","88,96","1,030","30,03","20","True","1,70","True","False","0"
"2026-06-20 15:09:29.724","16,08","True","143,1","917","579","Drone Avionics Console - Google Chrome","0","False","MANUAL_OVERRIDE","True","31","False","2000","0,00","0,00","0,00","3,98","-0,19","84,67","0,90","-0,07","-0,18","-16,80","0,80","-187,47","2000","1830","2000","1794","True","True","True","100","-0,0550","-0,0490","0,9762","2,667","1,378","-1,736","-0,08","4,02","88,65","0,971","30,02","6","True","1,70","True","False","0"
"2026-06-20 15:09:30.084","16,46","True","153,1","917","579","Drone Avionics Console - Google Chrome","1","False","MANUAL_OVERRIDE","True","113","False","2000","0,00","0,00","0,00","3,98","-0,19","84,67","0,90","-0,07","-0,18","-16,82","0,80","-187,47","2000","1830","2000","1794","True","True","True","100","-0,0515","-0,0307","0,9726","1,599","1,828","-0,568","-0,22","4,03","88,72","0,919","30,05","7","True","1,69","True","False","0"
"2026-06-20 15:09:30.460","16,82","True","142,4","845","490","Drone Avionics Console - Google Chrome","0","False","MANUAL_OVERRIDE","True","231","False","2000","0,00","0,00","0,00","3,98","-0,19","84,67","0,90","-0,07","-0,18","-16,84","0,80","-187,47","2000","1830","2000","1794","True","True","True","100","-0,0791","0,0611","1,0454","-2,363","-0,630","0,921","0,08","4,04","88,43","1,069","30,04","17","True","1,69","True","False","0"
"2026-06-20 15:09:30.836","17,25","True","191","841","482","Drone Avionics Console - Google Chrome","0","False","MANUAL_OVERRIDE","True","115","False","2000","0,00","0,00","0,00","3,98","-0,19","84,67","0,90","-0,07","-0,18","-16,88","0,81","-187,47","2000","1830","2000","1794","True","True","True","100","-0,0635","0,0357","1,0062","-2,119","2,416","-0,300","0,07","4,15","88,85","0,938","30,02","22","True","1,68","True","False","0"
"2026-06-20 15:09:31.242","17,62","True","163,6","841","482","Drone Avionics Console - Google Chrome","2","False","MANUAL_OVERRIDE","True","42","False","2000","0,00","0,00","0,00","3,98","-0,19","84,67","0,90","-0,07","-0,18","-16,92","0,81","-187,47","2000","1830","2000","1794","True","True","True","100","-0,0562","-0,0144","0,9999","1,538","-0,485","-0,461","-0,23","4,07","89,00","0,990","30,04","15","True","1,67","True","False","0"
"2026-06-20 15:09:31.636","18,03","True","174,1","841","482","Drone Avionics Console - Google Chrome","0","False","MANUAL_OVERRIDE","True","171","False","2000","0,00","0,00","0,00","3,98","-0,19","84,67","0,90","-0,07","-0,18","-16,94","0,81","-187,47","2000","1830","2000","1794","True","True","True","100","-0,0751","-0,0113","1,0013","-0,409","1,836","-0,827","-0,48","4,21","89,05","0,981","30,04","16","True","1,67","True","False","0"
"2026-06-20 15:09:32.033","18,41","True","161","1055","471","Drone Avionics Console - Google Chrome","0","False","MANUAL_OVERRIDE","True","69","False","2000","0,00","0,00","0,00","0,00","-0,19","84,67","0,90","-0,07","-0,18","12,85","0,81","-187,47","2000","1800","2000","1824","True","True","True","100","-0,0911","-0,0332","0,9253","8,041","-6,103","-1,216","-0,30","3,87","89,02","1,040","30,04","16","True","1,66","True","False","0"
"2026-06-20 15:09:32.411","18,79","True","162,9","1135","502","Drone Avionics Console - Google Chrome","0","False","MANUAL_OVERRIDE","True","214","False","2000","0,00","0,00","0,00","0,00","-0,19","84,67","0,90","-0,07","-0,18","-1,03","0,81","-187,47","2000","1814","2000","1810","True","True","True","100","-0,0528","0,0169","1,0009","-0,111","-2,996","1,264","-0,15","3,82","88,95","1,070","30,06","13","True","1,67","True","False","0"
"2026-06-20 15:09:32.790","19,17","True","163,4","1135","502","Drone Avionics Console - Google Chrome","0","False","MANUAL_OVERRIDE","True","86","False","2000","0,00","0,00","0,00","0,00","-0,19","84,67","0,90","-0,07","-0,18","-1,03","0,81","-187,47","2000","1814","2000","1810","True","True","True","100","-0,0893","0,0700","1,0318","-1,127","-1,019","2,280","-0,11","3,81","88,96","1,021","30,04","20","True","1,66","True","False","0"
"2026-06-20 15:09:33.166","19,73","True","342","1133","490","Drone Avionics Console - Google Chrome","1","False","MANUAL_OVERRIDE","True","231","False","2000","0,00","0,00","0,00","0,00","-0,19","84,67","0,90","-0,07","-0,18","-1,03","0,81","-187,47","2000","1814","2000","1810","True","True","True","100","-0,0689","0,0143","0,9941","0,286","-1,843","1,112","0,04","3,82","89,04","1,050","30,02","18","True","1,66","True","False","0"
"2026-06-20 15:09:33.736","20,54","True","582,9","1133","490","Drone Avionics Console - Google Chrome","1","False","MANUAL_OVERRIDE","True","171","False","2000","0,00","0,00","0,00","0,00","-0,19","84,67","0,90","-0,07","-0,18","-1,03","0,82","-187,47","2000","1814","2000","1810","True","True","True","100","-0,0725","0,0350","1,0273","-1,401","-0,340","1,814","0,42","3,75","89,00","1,015","30,03","3","True","1,70","True","False","0"
"2026-06-20 15:09:34.536","21,32","True","563,9","1133","490","Drone Avionics Console - Google Chrome","0","False","MANUAL_OVERRIDE","True","253","False","2000","0,00","0,00","0,00","0,00","-0,19","84,67","0,90","-0,07","-0,18","-1,03","0,82","-187,47","2000","1814","2000","1810","True","True","True","100","-0,0574","-0,0135","0,9892","-0,165","1,706","-0,926","0,44","3,97","89,37","0,953","30,03","12","True","1,69","True","False","0"
"2026-06-20 15:09:35.323","22,15","True","610,7","1342","474","Drone Avionics Console - Google Chrome","0","False","MANUAL_OVERRIDE","True","256","False","2000","0,00","0,00","0,00","0,00","0,00","84,67","0,90","-0,07","-0,18","-1,03","-0,43","-187,47","2000","1813","2000","1811","True","True","True","100","-0,0612","-0,0205","0,9747","0,095","0,783","0,234","0,08","4,00","88,81","0,923","30,02","10","True","1,70","True","False","0"
"2026-06-20 15:09:36.191","22,79","True","385","1342","474","Drone Avionics Console - Google Chrome","2","False","MANUAL_OVERRIDE","True","158","False","2000","0,00","0,00","0,00","0,00","0,00","84,67","0,90","-0,07","-0,18","-1,03","0,06","-187,47","2000","1813","2000","1811","True","True","True","100","-0,0704","0,0166","1,0058","0,156","-0,034","-1,255","0,10","3,94","89,12","0,977","30,00","17","True","1,71","True","False","0"
"2026-06-20 15:09:36.805","23,54","True","517","1175","586","Drone Avionics Console - Google Chrome","0","False","MANUAL_OVERRIDE","True","379","False","2000","0,00","0,00","0,00","0,00","0,00","84,67","0,90","-0,07","-0,18","-1,03","0,06","-187,47","2000","1813","2000","1811","True","True","True","100","-0,0821","0,0314","1,0307","-1,844","-1,828","0,990","0,10","3,88","89,28","1,098","30,02","19","True","1,71","True","False","0"
"2026-06-20 15:09:37.578","24,03","True","238,6","894","786","Drone Avionics Console - Google Chrome","0","False","MANUAL_OVERRIDE","True","24","False","2000","0,00","0,00","0,00","0,00","0,00","0,00","0,90","-0,07","-0,18","-1,03","0,06","-1,20","2000","1999","2000","1997","True","True","True","100","-0,0958","0,0240","1,0325","-1,012","-1,492","1,486","-0,05","3,84","89,22","1,080","30,02","11","True","1,69","True","False","0"
"2026-06-20 15:09:38.048","24,56","True","294,3","899","748","Drone Avionics Console - Google Chrome","0","False","MANUAL_OVERRIDE","True","149","False","2000","0,00","0,00","0,00","0,00","0,00","0,00","0,90","-0,07","-0,18","-1,03","0,06","-1,20","2000","1999","2000","1997","True","True","True","100","-0,0669","0,0648","1,0184","-2,348","-0,240","1,898","0,15","3,82","89,25","1,006","30,01","8","True","1,68","True","False","0"
"2026-06-20 15:09:38.568","24,94","True","153","899","748","Drone Avionics Console - Google Chrome","1","False","MANUAL_OVERRIDE","True","115","False","2000","0,00","0,00","0,00","0,00","0,00","0,00","0,90","-0,07","-0,18","-1,03","0,06","-1,20","2000","1999","2000","1997","True","True","True","100","-0,0668","0,0140","1,0196","-1,340","-0,821","0,257","-0,13","3,90","89,06","1,060","30,00","3","True","1,68","True","False","0"
"2026-06-20 15:09:38.943","25,32","True","157","899","748","Drone Avionics Console - Google Chrome","0","False","MANUAL_OVERRIDE","True","275","False","2000","0,00","0,00","0,00","0,00","0,00","0,00","0,90","-0,07","-0,18","-1,03","0,06","-1,20","2000","1999","2000","1997","True","True","True","100","-0,0729","0,0315","1,0001","-1,913","-0,309","1,448","-0,25","3,92","88,95","1,005","30,01","15","True","1,68","True","False","0"
"2026-06-20 15:09:39.325","25,67","True","129","899","748","Drone Avionics Console - Google Chrome","0","False","MANUAL_OVERRIDE","True","656","False","2000","0,00","0,00","0,00","0,00","0,00","0,00","0,90","-0,07","-0,18","-1,03","0,06","-1,20","2000","1999","2000","1997","True","True","True","100","-0,0881","0,0705","1,0229","-1,943","-0,546","2,868","-0,21","4,00","89,14","1,014","30,00","23","True","1,67","True","False","0"
"2026-06-20 15:09:39.669","26,03","True","139","899","748","Drone Avionics Console - Google Chrome","0","False","MANUAL_OVERRIDE","True","1010","False","2000","0,00","0,00","0,00","0,00","0,00","0,00","0,90","-0,07","-0,18","-1,03","0,06","-1,20","2000","1999","2000","1997","True","True","True","100","-0,0720","-0,0166","1,0015","0,530","-0,729","-2,010","-0,19","4,07","89,09","1,049","30,02","10","True","1,66","True","False","0"
"2026-06-20 15:09:40.035","26,41","True","161,4","899","748","Drone Avionics Console - Google Chrome","0","False","MANUAL_OVERRIDE","True","1367","False","2000","0,00","0,00","0,00","0,00","0,00","0,00","0,90","-0,07","-0,18","-1,03","0,06","-1,20","2000","1999","2000","1997","True","True","True","100","-0,0661","0,0246","1,0055","-1,134","-0,065","1,921","-0,12","4,05","89,21","1,027","29,99","19","True","1,65","True","False","0"
"2026-06-20 15:09:40.457","26,81","True","131,5","899","748","Drone Avionics Console - Google Chrome","0","False","MANUAL_OVERRIDE","True","1790","False","2000","0,00","0,00","0,00","0,00","0,00","0,00","0,90","-0,07","-0,18","-1,03","0,06","-1,20","2000","1999","2000","1997","True","True","True","100","-0,0738","-0,0102","0,9980","2,728","-0,179","-2,903","0,06","4,08","89,25","0,978","30,01","7","True","1,65","True","False","0"
"2026-06-20 15:09:40.805","27,15","True","130","1074","719","Drone Avionics Console - Google Chrome","0","False","MANUAL_OVERRIDE","True","2138","False","2000","0,00","0,00","0,00","0,00","0,00","0,00","0,90","-0,07","-0,18","-1,03","0,06","-1,20","2000","1999","2000","1997","True","True","True","100","-0,0637","0,0249","0,9994","-0,936","0,576","1,562","-0,08","4,03","88,90","1,021","30,01","15","True","1,66","True","False","0"
"2026-06-20 15:09:41.165","27,51","True","130","1182","742","Drone Avionics Console - Google Chrome","0","False","MANUAL_OVERRIDE","True","2497","False","2000","0,00","0,00","0,00","0,00","0,00","0,00","0,90","-0,07","-0,18","-1,03","0,06","-1,20","2000","1999","2000","1997","True","True","True","100","-0,0759","-0,0189","0,9880","1,072","0,210","-0,774","0,02","4,17","88,89","0,990","30,02","3","True","1,66","True","False","0"
"2026-06-20 15:09:41.540","27,91","True","148,9","1205","742","Drone Avionics Console - Google Chrome","0","False","MANUAL_OVERRIDE","True","2871","False","2000","0,00","0,00","0,00","0,00","0,00","0,00","0,90","-0,07","-0,18","-1,03","0,06","-1,20","2000","1999","2000","1997","True","True","True","100","-0,0802","-0,0086","1,0018","4,217","1,004","-1,827","0,56","4,32","88,80","0,962","30,00","21","True","1,66","True","False","0"
"2026-06-20 15:09:41.905","28,26","True","133","1205","742","Drone Avionics Console - Google Chrome","0","False","MANUAL_OVERRIDE","True","3237","False","2000","0,00","0,00","0,00","0,00","0,00","0,00","0,90","-0,07","-0,18","-1,03","0,06","-1,20","2000","1999","2000","1997","True","True","True","100","-0,0625","0,0282","1,0059","-0,485","1,279","2,440","1,57","4,38","88,58","1,040","30,02","19","True","1,65","True","False","0"
"2026-06-20 15:09:42.254","28,6","True","131,4","1205","742","Drone Avionics Console - Google Chrome","1","False","MANUAL_OVERRIDE","True","3586","False","2000","0,00","0,00","0,00","0,00","0,00","0,00","0,90","-0,07","-0,18","-1,03","0,06","-1,20","2000","1999","2000","1997","True","True","True","100","-0,0673","0,0393","0,9924","-1,417","0,271","0,684","1,64","4,37","88,86","1,023","29,99","6","True","1,66","True","False","0"
"2026-06-20 15:09:42.631","28,98","True","134,6","1205","742","Drone Avionics Console - Google Chrome","0","False","MANUAL_OVERRIDE","True","344","False","2000","0,00","0,00","0,00","0,00","0,00","0,00","0,90","-0,07","-0,18","-1,03","0,06","-1,20","2000","1999","2000","1997","True","True","True","100","-0,0721","0,0142","0,9825","-1,165","0,828","-0,682","0,62","4,45","89,19","1,018","30,02","10","True","1,65","True","False","0"
"2026-06-20 15:09:42.992","29,36","True","152,1","1205","742","Drone Avionics Console - Google Chrome","0","False","MANUAL_OVERRIDE","True","701","False","2000","0,00","0,00","0,00","0,00","0,00","0,00","0,90","-0,07","-0,18","-1,03","0,06","-1,20","2000","1999","2000","1997","True","True","True","100","-0,1109","0,1227","1,0725","-3,455","-2,248","0,623","0,34","4,08","89,63","1,092","30,02","8","True","1,65","True","False","0"
"2026-06-20 15:09:43.381","30,06","True","462,8","1205","742","Drone Avionics Console - Google Chrome","0","False","MANUAL_OVERRIDE","True","1147","False","2000","0,00","0,00","0,00","0,00","0,00","0,00","0,90","-0,07","-0,18","-1,03","0,06","-1,20","2000","1999","2000","1997","True","True","True","100","-0,0978","0,0682","1,0573","-0,707","-2,637","2,165","0,02","4,02","89,46","1,132","30,02","3","True","1,65","True","False","0"
"2026-06-20 15:09:44.060","30,54","True","260,3","1205","742","Drone Avionics Console - Google Chrome","0","False","MANUAL_OVERRIDE","True","1793","False","2000","0,00","0,00","0,00","0,00","0,00","0,00","0,90","-0,07","-0,18","-1,03","0,06","-1,20","2000","1999","2000","1997","True","True","True","100","-0,0969","0,0525","1,0527","-1,806","-2,027","0,616","0,07","3,86","89,49","1,144","30,02","23","True","1,65","True","False","0"
"2026-06-20 15:09:44.549","31,11","True","338,9","1205","742","Drone Avionics Console - Google Chrome","0","False","MANUAL_OVERRIDE","True","2259","False","2000","0,00","0,00","0,00","0,00","0,00","0,00","0,90","-0,07","-0,18","-1,03","0,06","-1,20","2000","1999","2000","1997","True","True","True","100","-0,0538","-0,0021","0,9783","0,041","0,592","0,219","0,00","4,00","89,41","0,945","30,03","17","True","1,67","True","False","0"
"2026-06-20 15:09:45.114","32,37","True","1034,6","1205","742","Drone Avionics Console - Google Chrome","0","False","MANUAL_OVERRIDE","True","3001","False","2000","0,00","0,00","0,00","0,00","0,00","0,00","0,90","-0,07","-0,18","-1,03","0,06","-1,20","2000","1999","2000","1997","True","True","True","100","-0,0670","-0,0986","0,9790","1,980","0,492","-1,995","-0,19","3,98","89,34","0,983","30,03","4","True","1,70","True","False","0"
"2026-06-20 15:09:46.382","33","True","396,8","1205","742","Drone Avionics Console - Google Chrome","0","False","MANUAL_OVERRIDE","True","4105","False","2000","0,00","0,00","0,00","0,00","0,00","0,00","0,90","-0,07","-0,18","-1,03","0,06","-1,20","2000","1999","2000","1997","True","True","True","100","-0,0655","-0,0149","0,9879","1,988","0,889","-2,568","0,09","4,13","89,44","0,932","30,02","9","True","1,72","True","False","0"
"2026-06-20 15:09:46.998","33,57","True","357,9","1205","742","Drone Avionics Console - Google Chrome","0","False","MANUAL_OVERRIDE","True","4712","False","2000","0,00","0,00","0,00","0,00","0,00","0,00","0,90","-0,07","-0,18","-1,03","0,06","-1,20","2000","1999","2000","1997","True","True","True","100","-0,0696","0,0505","1,0108","-0,890","-1,431","0,868","0,14","4,00","89,26","1,041","30,02","12","True","1,71","True","False","0"
"2026-06-20 15:09:47.613","34,2","True","367,4","1205","742","Drone Avionics Console - Google Chrome","0","False","MANUAL_OVERRIDE","True","5326","False","2000","0,00","0,00","0,00","0,00","0,00","0,00","0,90","-0,07","-0,18","-1,03","0,06","-1,20","2000","1999","2000","1997","True","True","True","100","-0,0690","-0,0572","0,9732","-3,340","12,263","2,921","-0,08","4,57","89,59","0,911","30,02","14","True","1,69","True","False","0"
"2026-06-20 15:09:48.229","34,66","True","216","1205","742","Drone Avionics Console - Google Chrome","0","False","MANUAL_OVERRIDE","True","5941","False","2000","0,00","0,00","0,00","0,00","0,00","0,00","0,90","-0,07","-0,18","-1,03","0,06","-1,20","2000","1999","2000","1997","True","True","True","100","-0,1530","0,0287","1,0151","-14,386","-7,805","3,112","-0,82","7,63","90,98","1,015","30,02","6","True","1,71","True","False","0"
"2026-06-20 15:09:48.672","35,15","True","260,4","1205","742","Drone Avionics Console - Google Chrome","0","False","MANUAL_OVERRIDE","True","6494","False","2000","0,00","0,00","0,00","0,00","0,00","0,00","0,90","-0,07","-0,18","-1,03","0,06","-1,20","2000","1999","2000","1997","True","True","True","100","-0,1485","-0,1197","0,9944","-6,203","0,844","0,119","-5,90","7,33","91,43","0,998","30,03","9","True","1,74","True","False","0"
"2026-06-20 15:09:49.171","35,54","True","153,7","1205","742","Drone Avionics Console - Google Chrome","0","False","MANUAL_OVERRIDE","True","6896","False","2000","0,00","0,00","0,00","0,00","0,00","0,00","0,90","-0,07","-0,18","-1,03","0,06","-1,20","2000","1999","2000","1997","True","True","True","100","-0,1495","-0,1404","0,9919","-3,256","0,554","-2,667","-7,56","8,12","91,14","0,987","30,05","14","True","1,77","True","False","0"
"2026-06-20 15:09:49.564","35,94","True","155,1","1205","742","Drone Avionics Console - Google Chrome","0","False","MANUAL_OVERRIDE","True","7273","False","2000","0,00","0,00","0,00","0,00","0,00","0,00","0,90","-0,07","-0,18","-1,03","0,06","-1,20","2000","1999","2000","1997","True","True","True","100","-0,1247","-0,1440","0,9960","3,102","7,500","0,577","-8,87","7,59","90,89","0,972","30,04","10","True","1,78","True","False","0"
"2026-06-20 15:09:49.937","36,32","True","162,1","1205","742","Drone Avionics Console - Google Chrome","0","False","MANUAL_OVERRIDE","True","7655","False","2000","0,00","0,00","0,00","0,00","0,00","0,00","0,90","-0,07","-0,18","-1,03","0,06","-1,20","2000","1999","2000","1997","True","True","True","100","-0,1921","-0,1497","0,9863","-5,439","0,477","1,990","-8,25","10,44","91,60","0,967","30,04","16","True","1,81","True","False","0"
"2026-06-20 15:09:50.326","36,72","True","177,1","1205","742","Drone Avionics Console - Google Chrome","0","False","MANUAL_OVERRIDE","True","8036","False","2000","0,00","0,00","0,00","0,00","0,00","0,00","0,90","-0,07","-0,18","-1,03","0,06","-1,20","2000","1999","2000","1997","True","True","True","100","-0,1809","-0,1664","0,9783","2,003","6,271","-0,339","-9,64","10,76","91,76","0,981","30,04","10","True","1,80","True","False","0"
"2026-06-20 15:09:50.748","37,16","True","190,4","1205","742","Drone Avionics Console - Google Chrome","0","False","MANUAL_OVERRIDE","True","8458","False","2000","0,00","0,00","0,00","0,00","0,00","0,00","0,90","-0,07","-0,18","-1,03","0,06","-1,20","2000","1999","2000","1997","True","True","True","100","-0,1791","-0,1976","0,9345","0,225","-0,362","-0,896","-9,84","11,17","92,21","0,938","30,07","8","True","1,78","True","False","0"
"2026-06-20 15:09:51.154","37,58","True","202,9","1205","742","Drone Avionics Console - Google Chrome","0","False","MANUAL_OVERRIDE","True","8866","False","2000","0,00","0,00","0,00","0,00","0,00","0,00","0,90","-0,07","-0,18","-1,03","0,06","-1,20","2000","1999","2000","1997","True","True","True","100","-0,1719","-0,1879","0,9344","2,812","4,286","-1,690","-9,55","11,09","91,78","0,906","30,05","17","True","1,77","True","False","0"
"2026-06-20 15:09:51.584","37,95","True","150","1205","742","Drone Avionics Console - Google Chrome","0","False","MANUAL_OVERRIDE","True","9295","False","2000","0,00","0,00","0,00","0,00","0,00","0,00","0,90","-0,07","-0,18","-1,03","0,06","-1,20","2000","1999","2000","1997","True","True","True","100","-0,1915","-0,2099","0,9392","2,332","0,363","-1,071","-9,79","11,52","91,77","0,969","30,08","19","True","1,77","True","False","0"
"2026-06-20 15:09:51.948","38,35","True","187,7","1205","742","Drone Avionics Console - Google Chrome","0","False","MANUAL_OVERRIDE","True","9657","False","2000","0,00","0,00","0,00","0,00","0,00","0,00","0,90","-0,07","-0,18","-1,03","0,06","-1,20","2000","1999","2000","1997","True","True","True","100","-0,1749","-0,2239","0,9227","4,057","1,080","-3,056","-9,43","11,46","91,70","0,971","30,07","19","True","1,77","True","False","0"
"2026-06-20 15:09:52.369","38,79","True","205,3","1205","742","Drone Avionics Console - Google Chrome","0","False","MANUAL_OVERRIDE","True","10079","False","2000","0,00","0,00","0,00","0,00","0,00","0,00","0,90","-0,07","-0,18","-1,03","0,06","-1,20","2000","1999","2000","1997","True","True","True","100","-0,2008","-0,1367","0,9772","0,873","1,317","1,761","-9,28","11,18","91,47","0,980","30,07","15","True","1,77","True","False","0"
"2026-06-20 15:09:52.791","39,16","True","152,1","1205","742","Drone Avionics Console - Google Chrome","0","False","MANUAL_OVERRIDE","True","10503","False","2000","0,00","0,00","0,00","0,00","0,00","0,00","0,90","-0,07","-0,18","-1,03","0,06","-1,20","2000","1999","2000","1997","True","True","True","100","-0,1932","-0,1287","0,9722","-0,783","-1,706","-0,064","-9,31","11,12","91,44","1,011","30,08","7","True","1,78","True","False","0"
"2026-06-20 15:09:53.153","39,55","True","177,9","1205","742","Drone Avionics Console - Google Chrome","0","False","MANUAL_OVERRIDE","True","10865","False","2000","0,00","0,00","0,00","0,00","0,00","0,00","0,90","-0,07","-0,18","-1,03","0,06","-1,20","2000","1999","2000","1997","True","True","True","100","-0,1874","-0,1659","0,9781","-1,814","-3,279","0,486","-9,79","10,88","91,22","1,007","30,08","5","True","1,78","True","False","0"
"2026-06-20 15:09:53.560","39,94","True","161,2","1205","742","Drone Avionics Console - Google Chrome","0","False","MANUAL_OVERRIDE","True","11285","False","2000","0,00","0,00","0,00","0,00","0,00","0,00","0,90","-0,07","-0,18","-1,03","0,06","-1,20","2000","1999","2000","1997","True","True","True","100","-0,2167","-0,0927","1,0110","1,270","1,202","1,906","-9,29","11,54","90,93","1,081","30,09","7","True","1,77","True","False","0"
"2026-06-20 15:09:53.954","40,3","True","130,9","1205","742","Drone Avionics Console - Google Chrome","0","False","MANUAL_OVERRIDE","True","11673","False","2000","0,00","0,00","0,00","0,00","0,00","0,00","0,90","-0,07","-0,18","-1,03","0,06","-1,20","2000","1999","2000","1997","True","True","True","100","-0,1982","-0,1376","0,9687","0,965","-0,607","-0,087","-8,80","11,90","91,12","1,009","30,09","18","True","1,76","True","False","0"
"2026-06-20 15:09:54.328","40,79","True","242,2","1205","742","Drone Avionics Console - Google Chrome","0","False","MANUAL_OVERRIDE","True","12038","False","2000","0,00","0,00","0,00","0,00","0,00","0,00","0,90","-0,07","-0,18","-1,03","0,06","-1,20","2000","1999","2000","1997","True","True","True","100","-0,1749","-0,0749","0,9668","28,141","-15,790","2,753","-2,97","8,72","91,87","0,970","30,09","6","True","1,75","True","False","0"
"2026-06-20 15:09:54.787","41,14","True","133,9","1205","742","Drone Avionics Console - Google Chrome","0","False","MANUAL_OVERRIDE","True","12497","False","2000","0,00","0,00","0,00","0,00","0,00","0,00","0,90","-0,07","-0,18","-1,03","0,06","-1,20","2000","1999","2000","1997","True","True","True","100","-0,1136","0,0452","0,9885","7,767","-10,240","8,196","2,14","6,38","91,81","1,058","30,09","16","True","1,76","True","False","0"
"2026-06-20 15:09:55.166","41,58","True","195","1205","742","Drone Avionics Console - Google Chrome","0","False","MANUAL_OVERRIDE","True","12883","False","2000","0,00","0,00","0,00","0,00","0,00","0,00","0,90","-0,07","-0,18","-1,03","0,06","-1,20","2000","1999","2000","1997","True","True","True","100","-0,0650","-0,0573","0,9584","-0,768","0,317","6,692","-0,65","4,31","90,23","0,899","30,11","12","True","1,78","True","False","0"
"2026-06-20 15:09:55.577","41,94","True","148,1","1205","742","Drone Avionics Console - Google Chrome","0","False","MANUAL_OVERRIDE","True","13290","False","2000","0,00","0,00","0,00","0,00","0,00","0,00","0,90","-0,07","-0,18","-1,03","0,06","-1,20","2000","1999","2000","1997","True","True","True","100","-0,0787","0,0060","1,0075","0,545","0,263","2,318","-0,40","4,24","88,49","0,945","30,10","16","True","1,77","True","False","0"
"2026-06-20 15:09:55.952","42,32","True","147,5","1205","742","Drone Avionics Console - Google Chrome","0","False","MANUAL_OVERRIDE","True","13672","False","2000","0,00","0,00","0,00","0,00","0,00","0,00","0,90","-0,07","-0,18","-1,03","0,06","-1,20","2000","1999","2000","1997","True","True","True","100","-0,0858","0,0135","1,0174","-1,401","-2,370","3,837","-0,29","4,33","87,35","1,174","30,09","23","True","1,76","True","False","0"
"2026-06-20 15:09:56.344","42,69","True","131,8","1205","742","Drone Avionics Console - Google Chrome","0","False","MANUAL_OVERRIDE","True","14055","False","2000","0,00","0,00","0,00","0,00","0,00","0,00","0,90","-0,07","-0,18","-1,03","0,06","-1,20","2000","1999","2000","1997","True","True","True","100","-0,0905","0,0343","1,0437","-1,401","-1,889","0,226","-0,25","4,25","86,45","1,126","30,10","7","True","1,73","True","False","0"
"2026-06-20 15:09:56.691","43,04","True","128,9","1205","742","Drone Avionics Console - Google Chrome","0","False","MANUAL_OVERRIDE","True","14405","False","2000","0,00","0,00","0,00","0,00","0,00","0,00","0,90","-0,07","-0,18","-1,03","0,06","-1,20","2000","1999","2000","1997","True","True","True","100","-0,0613","-0,0351","0,9714","1,133","1,477","-2,697","-0,33","4,15","85,91","0,925","30,11","20","True","1,71","True","False","0"
"2026-06-20 15:09:57.064","43,43","True","147,2","1205","742","Drone Avionics Console - Google Chrome","0","False","MANUAL_OVERRIDE","True","14773","False","2000","0,00","0,00","0,00","0,00","0,00","0,00","0,90","-0,07","-0,18","-1,03","0,06","-1,20","2000","1999","2000","1997","True","True","True","100","-0,0634","-0,0608","0,9773","1,751","0,668","-1,339","-0,42","4,10","85,27","0,980","30,10","6","True","1,70","True","False","0"
"2026-06-20 15:09:57.425","43,78","True","134,1","1205","742","Drone Avionics Console - Google Chrome","0","False","MANUAL_OVERRIDE","True","15136","False","2000","0,00","0,00","0,00","0,00","0,00","0,00","0,90","-0,07","-0,18","-1,03","0,06","-1,20","2000","1999","2000","1997","True","True","True","100","-0,0671","0,0061","1,0021","0,194","0,508","0,608","-0,49","3,99","84,88","0,965","30,11","23","True","1,71","True","False","0"
"2026-06-20 15:09:57.789","44,14","True","129,5","1205","742","Drone Avionics Console - Google Chrome","0","False","MANUAL_OVERRIDE","True","15497","False","2000","0,00","0,00","0,00","0,00","0,00","0,00","0,90","-0,07","-0,18","-1,03","0,06","-1,20","2000","1999","2000","1997","True","True","True","100","-0,0604","0,0254","1,0079","-0,409","0,928","1,066","-0,37","4,02","84,60","0,950","30,11","12","True","1,71","True","False","0"
"2026-06-20 15:09:58.135","44,5","True","147,9","1205","742","Drone Avionics Console - Google Chrome","0","False","MANUAL_OVERRIDE","True","15844","False","2000","0,00","0,00","0,00","0,00","0,00","0,00","0,90","-0,07","-0,18","-1,03","0,06","-1,20","2000","1999","2000","1997","True","True","True","100","-0,0635","0,0362","0,9978","-0,569","0,271","1,394","-0,23","3,92","84,61","0,962","30,11","11","True","1,71","True","False","0"
"2026-06-20 15:09:58.501","44,85","True","131","1205","742","Drone Avionics Console - Google Chrome","0","False","MANUAL_OVERRIDE","True","16210","False","2000","0,00","0,00","0,00","0,00","0,00","0,00","0,90","-0,07","-0,18","-1,03","0,06","-1,20","2000","1999","2000","1997","True","True","True","100","-0,0636","-0,0474","0,9897","0,263","0,134","-1,171","-0,29","3,92","84,25","1,003","30,09","16","True","1,73","True","False","0"
"2026-06-20 15:09:58.864","45,3","True","222,6","1205","742","Drone Avionics Console - Google Chrome","0","False","MANUAL_OVERRIDE","True","16649","False","2000","0,00","0,00","0,00","0,00","0,00","0,00","0,90","-0,07","-0,18","-1,03","0,06","-1,20","2000","1999","2000","1997","True","True","True","100","-0,0801","-0,0335","1,0025","1,118","-0,187","-1,163","-0,22","3,99","84,30","0,987","30,11","13","True","1,74","True","False","0"
"2026-06-20 15:09:59.306","45,67","True","148,1","1205","742","Drone Avionics Console - Google Chrome","0","False","MANUAL_OVERRIDE","True","17020","False","2000","0,00","0,00","0,00","0,00","0,00","0,00","0,90","-0,07","-0,18","-1,03","0,06","-1,20","2000","1999","2000","1997","True","True","True","100","-0,0647","-0,0506","0,9779","1,759","1,492","-2,690","-0,38","4,04","84,39","0,924","30,09","14","True","1,74","True","False","0"
"2026-06-20 15:09:59.666","46,01","True","130,9","1205","742","Drone Avionics Console - Google Chrome","0","False","MANUAL_OVERRIDE","True","17376","False","2000","0,00","0,00","0,00","0,00","0,00","0,00","0,90","-0,07","-0,18","-1,03","0,06","-1,20","2000","1999","2000","1997","True","True","True","100","-0,0480","-0,0711","0,9512","1,202","1,157","-1,881","-0,41","4,11","84,16","0,948","30,10","6","True","1,73","True","False","0"
"2026-06-20 15:10:00.014","46,37","True","133","1205","742","Drone Avionics Console - Google Chrome","0","False","MANUAL_OVERRIDE","True","17725","False","2000","0,00","0,00","0,00","0,00","0,00","0,00","0,90","-0,07","-0,18","-1,03","0,06","-1,20","2000","1999","2000","1997","True","True","True","100","-0,0792","0,0394","1,0261","-0,791","-1,240","0,745","-0,45","4,08","84,31","1,035","30,11","3","True","1,73","True","False","0"
"2026-06-20 15:10:00.361","46,73","True","155","1114","734","Drone Avionics Console - Google Chrome","0","False","MANUAL_OVERRIDE","True","18070","False","2000","0,00","0,00","0,00","0,00","0,00","0,00","0,90","-0,07","-0,18","-1,03","0,06","-1,20","2000","1999","2000","1997","True","True","True","100","-0,0627","-0,0127","0,9912","-0,249","0,554","0,287","-0,42","4,04","84,22","1,043","30,11","16","True","1,72","True","False","0"
"2026-06-20 15:10:00.750","47,1","True","130,6","1064","763","Drone Avionics Console - Google Chrome","0","False","MANUAL_OVERRIDE","True","18462","False","2000","0,00","0,00","0,00","0,00","0,00","0,00","0,90","-0,07","-0,18","-1,03","0,06","-1,20","2000","1999","2000","1997","True","True","True","100","-0,0420","-0,0758","0,9540","1,324","2,241","6,135","-0,43","4,12","84,04","0,946","30,11","6","True","1,71","True","False","0"
"2026-06-20 15:10:01.115","47,48","True","148,3","1159","758","Drone Avionics Console - Google Chrome","0","False","MANUAL_OVERRIDE","True","18824","False","2000","0,00","0,00","0,00","0,00","0,00","0,00","0,90","-0,07","-0,18","-1,03","0,06","-1,20","2000","1999","2000","1997","True","True","True","100","-0,1213","-0,0606","0,9750","-32,073","9,355","-1,667","-4,13","6,67","84,04","0,923","30,10","3","True","1,71","True","False","0"
"2026-06-20 15:10:01.492","47,88","True","174","1241","738","Drone Avionics Console - Google Chrome","0","False","MANUAL_OVERRIDE","True","19204","False","2000","0,00","0,00","0,00","0,00","0,00","0,00","0,90","-0,07","-0,18","-1,03","0,06","-1,20","2000","1999","2000","1997","True","True","True","100","-0,1052","-0,2050","0,8924","-7,081","35,019","-3,682","-10,36","10,51","82,91","0,859","30,10","4","True","1,71","True","False","0"
"2026-06-20 15:10:01.883","48,28","True","182,3","1283","734","Drone Avionics Console - Google Chrome","0","False","MANUAL_OVERRIDE","True","19613","False","2000","0,00","0,00","0,00","0,00","0,00","0,00","0,90","-0,07","-0,18","-1,03","0,06","-1,20","2000","1999","2000","1997","True","True","True","100","-0,2634","-0,2743","0,8841","-0,432","6,210","3,020","-12,79","15,96","87,04","0,968","30,12","4","True","1,73","True","False","0"
"2026-06-20 15:10:02.288","48,66","True","152,4","1283","734","Drone Avionics Console - Google Chrome","0","False","MANUAL_OVERRIDE","True","19997","False","2000","0,00","0,00","0,00","0,00","0,00","0,00","0,90","-0,07","-0,18","-1,03","0,06","-1,20","2000","1999","2000","1997","True","True","True","100","-0,3075","-0,2351","0,9265","1,759","2,592","-4,140","-12,28","16,19","89,50","1,004","30,12","7","True","1,75","True","False","0"
"2026-06-20 15:10:02.665","49,04","True","156,3","1283","734","Drone Avionics Console - Google Chrome","0","False","MANUAL_OVERRIDE","True","20374","False","2000","0,00","0,00","0,00","0,00","0,00","0,00","0,90","-0,07","-0,18","-1,03","0,06","-1,20","2000","1999","2000","1997","True","True","True","100","-0,2402","-0,2301","0,9453","2,102","-4,401","-0,384","-13,14","13,19","90,39","1,024","30,11","11","True","1,75","True","False","0"
"2026-06-20 15:10:03.038","49,4","True","140,1","1283","734","Drone Avionics Console - Google Chrome","1","False","MANUAL_OVERRIDE","True","49","False","2000","0,00","0,00","0,00","0,00","0,00","0,00","0,90","-0,07","-0,18","-1,03","0,06","-1,20","2000","1999","2000","1997","True","True","True","100","-0,1697","-0,2314","0,9391","3,102","1,012","-3,308","-12,93","10,16","89,28","0,902","30,11","16","True","1,74","True","False","0"
"2026-06-20 15:10:03.399","49,84","True","226,5","1283","734","Drone Avionics Console - Google Chrome","0","False","MANUAL_OVERRIDE","True","190","False","2000","0,00","0,00","0,00","0,00","0,00","0,00","0,90","-0,07","-0,18","-1,03","0,06","-1,20","2000","1999","2000","1997","True","True","True","100","-0,1338","-0,1766","0,9737","-1,852","0,157","0,043","-12,99","8,96","88,35","0,999","30,10","21","True","1,72","True","False","0"
"2026-06-20 15:10:03.852","50,24","True","173,6","1283","734","Drone Avionics Console - Google Chrome","0","False","MANUAL_OVERRIDE","True","128","False","2000","0,00","0,00","0,00","0,00","0,00","0,00","0,90","-0,07","-0,18","-1,03","0,06","-1,20","2000","1999","2000","1997","True","True","True","100","-0,1164","-0,2647","0,9336","-1,653","-3,172","-1,262","-13,24","6,71","86,35","0,961","30,13","17","True","1,71","True","False","0"
"2026-06-20 15:10:04.274","50,62","True","131","1283","734","Drone Avionics Console - Google Chrome","0","False","MANUAL_OVERRIDE","True","66","False","2000","0,00","0,00","0,00","0,00","0,00","0,00","0,90","-0,07","-0,18","-1,03","0,06","-1,20","2000","1999","2000","1997","True","True","True","100","-0,1056","-0,2846","0,9341","4,026","3,096","-1,835","-12,88","6,30","85,19","0,973","30,11","19","True","1,70","True","False","0"
"2026-06-20 15:10:04.621","50,97","True","130,9","1283","734","Drone Avionics Console - Google Chrome","0","False","MANUAL_OVERRIDE","True","155","False","2000","0,00","0,00","0,00","0,00","0,00","0,00","0,90","-0,07","-0,18","-1,03","0,06","-1,20","2000","1999","2000","1997","True","True","True","100","-0,1082","-0,2273","0,9703","0,484","0,592","-3,132","-13,20","6,51","84,61","0,979","30,12","12","True","1,70","True","False","0"
"2026-06-20 15:10:04.996","51,36","True","145,1","1283","734","Drone Avionics Console - Google Chrome","0","False","MANUAL_OVERRIDE","True","43","False","2000","0,00","0,00","0,00","0,00","0,00","0,00","0,90","-0,07","-0,18","-1,03","0,06","-1,20","2000","1999","2000","1997","True","True","True","100","-0,1077","-0,2396","0,9517","-2,065","0,714","-0,423","-13,38","6,80","84,42","0,970","30,17","14","True","1,69","True","False","0"
"2026-06-20 15:10:05.372","51,72","True","131,9","1283","734","Drone Avionics Console - Google Chrome","0","False","MANUAL_OVERRIDE","True","151","False","2000","0,00","0,00","0,00","0,00","0,00","0,00","0,90","-0,07","-0,18","-1,03","0,06","-1,20","2000","1999","2000","1997","True","True","True","100","-0,0874","-0,3072","0,9318","2,484","-0,225","-2,812","-13,42","6,33","83,81","0,959","30,12","6","True","1,69","True","False","0"
"2026-06-20 15:10:05.734","52,1","True","152,1","1283","734","Drone Avionics Console - Google Chrome","0","False","MANUAL_OVERRIDE","True","40","False","2000","0,00","0,00","0,00","0,00","0,00","0,00","0,90","-0,07","-0,18","-1,03","0,06","-1,20","2000","1999","2000","1997","True","True","True","100","-0,0963","-0,2331","0,9564","-0,791","2,546","-1,010","-13,51","6,28","83,58","0,956","30,15","6","True","1,69","True","False","0"
"2026-06-20 15:10:06.124","52,48","True","136,9","1283","734","Drone Avionics Console - Google Chrome","0","False","MANUAL_OVERRIDE","True","155","False","2000","0,00","0,00","0,00","0,00","0,00","0,00","0,90","-0,07","-0,18","-1,03","0,06","-1,20","2000","1999","2000","1997","True","True","True","100","-0,1031","-0,2631","0,9624","1,270","0,042","-1,064","-13,44","6,25","83,03","0,994","30,14","8","True","1,69","True","False","0"
"2026-06-20 15:10:06.473","52,86","True","173,7","1283","734","Drone Avionics Console - Google Chrome","0","False","MANUAL_OVERRIDE","True","22","False","2000","0,00","0,00","0,00","0,00","0,00","0,00","0,90","-0,07","-0,18","-1,03","0,06","-1,20","2000","1999","2000","1997","True","True","True","100","-0,1167","-0,2340","0,9697","1,164","-1,340","-0,522","-13,40","6,36","83,14","0,987","30,15","10","True","1,70","True","False","0"
"2026-06-20 15:10:06.861","53,21","True","129","1283","734","Drone Avionics Console - Google Chrome","0","False","MANUAL_OVERRIDE","True","143","False","2000","0,00","0,00","0,00","0,00","0,00","0,00","0,90","-0,07","-0,18","-1,03","0,06","-1,20","2000","1999","2000","1997","True","True","True","100","-0,1223","-0,2131","0,9766","-0,203","-2,156","0,303","-13,11","5,93","82,99","1,011","30,15","12","True","1,70","True","False","0"
"2026-06-20 15:10:07.207","53,59","True","162","1283","734","Drone Avionics Console - Google Chrome","0","False","MANUAL_OVERRIDE","True","236","False","2000","0,00","0,00","0,00","0,00","0,00","0,00","0,90","-0,07","-0,18","-1,03","0,06","-1,20","2000","1999","2000","1997","True","True","True","100","-0,1159","-0,2171","0,9618","-5,294","2,012","1,257","-13,06","6,35","82,74","1,029","30,14","13","True","1,69","True","False","0"
"2026-06-20 15:10:07.588","53,94","True","130","1283","734","Drone Avionics Console - Google Chrome","0","False","MANUAL_OVERRIDE","True","123","False","2000","0,00","0,00","0,00","0,00","0,00","0,00","0,90","-0,07","-0,18","-1,03","0,06","-1,20","2000","1999","2000","1997","True","True","True","100","-0,1154","-0,2417","0,9711","0,980","0,179","0,035","-14,47","6,47","83,39","1,054","30,14","9","True","1,68","True","False","0"
"2026-06-20 15:10:07.937","54,32","True","162,3","1283","734","Drone Avionics Console - Google Chrome","0","False","MANUAL_OVERRIDE","True","236","False","2000","0,00","0,00","0,00","0,00","0,00","0,00","0,90","-0,07","-0,18","-1,03","0,06","-1,20","2000","1999","2000","1997","True","True","True","100","-0,0788","-0,3063","0,9216","4,545","3,157","-2,430","-14,29","6,55","83,19","0,977","30,14","10","True","1,67","True","False","0"
"2026-06-20 15:10:08.328","54,68","True","136","1283","734","Drone Avionics Console - Google Chrome","0","False","MANUAL_OVERRIDE","True","125","False","2000","0,00","0,00","0,00","0,00","0,00","0,00","0,90","-0,07","-0,18","-1,03","0,06","-1,20","2000","1999","2000","1997","True","True","True","100","-0,1087","-0,2881","0,9348","0,622","2,225","-0,697","-14,02","6,99","82,96","1,017","30,16","16","True","1,67","True","False","0"
"2026-06-20 15:10:08.687","55,04","True","132,9","1283","734","Drone Avionics Console - Google Chrome","0","False","MANUAL_OVERRIDE","True","226","False","2000","0,00","0,00","0,00","0,00","0,00","0,00","0,90","-0,07","-0,18","-1,03","0,06","-1,20","2000","1999","2000","1997","True","True","True","100","-0,0964","-0,2696","0,9148","3,438","6,325","-1,476","-13,34","7,38","83,05","0,910","30,17","22","True","1,66","True","False","0"
"2026-06-20 15:10:09.047","55,39","True","127,7","1283","734","Drone Avionics Console - Google Chrome","0","False","MANUAL_OVERRIDE","True","87","False","2000","0,00","0,00","0,00","0,00","0,00","0,00","0,90","-0,07","-0,18","-1,03","0,06","-1,20","2000","1999","2000","1997","True","True","True","100","-0,1331","-0,2890","0,9208","4,377","-1,294","-4,201","-12,83","7,94","83,69","0,942","30,16","3","True","1,65","True","False","0"
"2026-06-20 15:10:09.404","55,78","True","162,1","1283","734","Drone Avionics Console - Google Chrome","0","False","MANUAL_OVERRIDE","True","139","False","2000","0,00","0,00","0,00","0,00","0,00","0,00","0,90","-0,07","-0,18","-1,03","0,06","-1,20","2000","1999","2000","1997","True","True","True","100","-0,1145","-0,2238","0,9828","1,461","0,332","0,257","-13,19","6,60","83,73","1,039","30,16","21","True","1,64","True","False","0"
"2026-06-20 15:10:09.793","56,14","True","130","1283","734","Drone Avionics Console - Google Chrome","0","False","MANUAL_OVERRIDE","True","78","False","2000","0,00","0,00","0,00","0,00","0,00","0,00","0,90","-0,07","-0,18","-1,03","0,06","-1,20","2000","1999","2000","1997","True","True","True","100","-0,1364","-0,2190","0,9901","3,889","-0,622","-0,323","-11,84","6,86","83,93","1,051","30,17","19","True","1,65","True","False","0"
"2026-06-20 15:10:10.154","56,52","True","147,9","1283","734","Drone Avionics Console - Google Chrome","0","False","MANUAL_OVERRIDE","True","203","False","2000","0,00","0,00","0,00","0,00","0,00","0,00","0,90","-0,07","-0,18","-1,03","0,06","-1,20","2000","1999","2000","1997","True","True","True","100","-0,1290","-0,0954","1,0227","3,477","-2,828","-0,407","-10,87","6,52","84,06","0,997","30,15","19","True","1,65","True","False","0"
"2026-06-20 15:10:10.532","56,88","True","131","1283","734","Drone Avionics Console - Google Chrome","0","False","MANUAL_OVERRIDE","True","80","False","2000","0,00","0,00","0,00","0,00","0,00","0,00","0,90","-0,07","-0,18","-1,03","0,06","-1,20","2000","1999","2000","1997","True","True","True","100","-0,0929","-0,2412","0,9578","6,728","-4,561","-3,339","-9,32","5,79","83,40","0,989","30,18","10","True","1,65","True","False","0"
"2026-06-20 15:10:10.877","57,24","True","147,1","1283","734","Drone Avionics Console - Google Chrome","0","False","MANUAL_OVERRIDE","True","156","False","2000","0,00","0,00","0,00","0,00","0,00","0,00","0,90","-0,07","-0,18","-1,03","0,06","-1,20","2000","1999","2000","1997","True","True","True","100","-0,1060","-0,1211","0,9806","20,034","2,248","-5,697","-5,32","5,88","82,88","1,010","30,16","9","True","1,66","True","False","0"
"2026-06-20 15:10:11.251","57,6","True","128","1283","734","Drone Avionics Console - Google Chrome","0","False","MANUAL_OVERRIDE","True","33","False","2000","0,00","0,00","0,00","0,00","0,00","0,00","0,90","-0,07","-0,18","-1,03","0,06","-1,20","2000","1999","2000","1997","True","True","True","100","-0,1127","-0,0521","0,9713","20,538","-2,492","-10,934","1,63","5,95","81,82","0,964","30,18","18","True","1,67","True","False","0"
"2026-06-20 15:10:11.597","57,94","True","126,9","1283","734","Drone Avionics Console - Google Chrome","0","False","MANUAL_OVERRIDE","True","140","False","2000","0,00","0,00","0,00","0,00","0,00","0,00","0,90","-0,07","-0,18","-1,03","0,06","-1,20","2000","1999","2000","1997","True","True","True","100","-0,0826","0,0669","1,0367","-8,936","4,218","4,402","-0,02","5,08","84,20","1,044","30,19","9","True","1,67","True","False","0"
"2026-06-20 15:10:11.941","58,29","True","130","1283","734","Drone Avionics Console - Google Chrome","0","False","MANUAL_OVERRIDE","True","220","False","2000","0,00","0,00","0,00","0,00","0,00","0,00","0,90","-0,07","-0,18","-1,03","0,06","-1,20","2000","1999","2000","1997","True","True","True","100","-0,1168","0,0100","1,0050","-1,615","2,233","1,845","-0,75","6,48","85,06","1,037","30,20","22","True","1,66","True","False","0"
"2026-06-20 15:10:12.314","58,67","True","141,7","1283","734","Drone Avionics Console - Google Chrome","0","False","MANUAL_OVERRIDE","True","97","False","2000","0,00","0,00","0,00","0,00","0,00","0,00","0,90","-0,07","-0,18","-1,03","0,06","-1,20","2000","1999","2000","1997","True","True","True","100","-0,0861","-0,0399","0,9939","2,950","-5,149","-0,560","-1,89","5,85","86,46","0,966","30,20","18","True","1,65","True","False","0"
"2026-06-20 15:10:12.688","59,03","True","128,2","1288","734","Drone Avionics Console - Google Chrome","0","False","MANUAL_OVERRIDE","True","223","False","2000","0,00","0,00","0,00","0,00","0,00","0,00","0,90","-0,07","-0,18","-1,03","0,06","-1,20","2000","1999","2000","1997","True","True","True","100","-0,0868","-0,0276","0,9852","6,576","-8,904","-6,797","-0,24","4,81","86,01","0,904","30,19","14","True","1,64","True","False","0"
"2026-06-20 15:10:13.033","59,38","True","130,1","1318","734","Drone Avionics Console - Google Chrome","0","False","MANUAL_OVERRIDE","True","73","False","2000","0,00","0,00","0,00","0,00","0,00","0,00","0,90","-0,07","-0,18","-1,03","0,06","-1,20","2000","1999","2000","1997","True","True","True","100","-0,0803","-0,0427","0,9608","2,957","-1,561","-1,995","-0,08","4,41","86,24","0,949","30,20","6","True","1,62","True","False","0"
"2026-06-20 15:10:13.378","59,73","True","131","1326","731","Drone Avionics Console - Google Chrome","0","False","MANUAL_OVERRIDE","True","154","False","2000","0,00","0,00","0,00","0,00","0,00","0,00","0,90","-0,07","-0,18","-1,03","0,06","-1,20","2000","1999","2000","1997","True","True","True","100","-0,0869","-0,0397","0,9852","1,209","1,576","-6,232","-0,08","4,16","85,42","0,978","30,20","20","True","1,59","True","False","0"
"2026-06-20 15:10:13.729","60,09","True","143,4","1326","731","Drone Avionics Console - Google Chrome","0","False","MANUAL_OVERRIDE","True","25","False","2000","0,00","0,00","0,00","0,00","0,00","0,00","0,90","-0,07","-0,18","-1,03","0,06","-1,20","2000","1999","2000","1997","True","True","True","100","-0,0947","0,0482","1,0319","-0,241","-0,431","0,219","-0,20","4,22","85,99","1,110","30,20","5","True","1,56","True","False","0"
"2026-06-20 15:10:14.092","60,44","True","129","1326","731","Drone Avionics Console - Google Chrome","1","False","MANUAL_OVERRIDE","True","114","False","2000","0,00","0,00","0,00","0,00","0,00","0,00","0,90","-0,07","-0,18","-1,03","0,06","-1,20","2000","1999","2000","1997","True","True","True","100","-0,0900","0,0762","1,0500","-2,493","-2,080","0,593","-0,17","4,20","86,31","1,096","30,20","21","True","1,54","True","False","0"
"2026-06-20 15:10:14.436","60,78","True","128","1326","731","Drone Avionics Console - Google Chrome","0","False","MANUAL_OVERRIDE","True","233","False","2000","0,00","0,00","0,00","0,00","0,00","0,00","0,90","-0,07","-0,18","-1,03","0,06","-1,20","2000","1999","2000","1997","True","True","True","100","-0,0809","-0,0188","1,0015","1,293","0,034","1,547","-0,12","4,08","86,34","1,029","30,22","8","True","1,54","True","False","0"
"2026-06-20 15:10:14.785","61,15","True","144","1326","731","Drone Avionics Console - Google Chrome","0","False","MANUAL_OVERRIDE","True","84","False","2000","0,00","0,00","0,00","0,00","0,00","0,00","0,90","-0,07","-0,18","-1,03","0,06","-1,20","2000","1999","2000","1997","True","True","True","100","-0,0267","-0,0770","0,9837","9,889","4,576","-1,911","0,12","4,22","86,34","0,943","30,21","12","True","1,53","True","False","0"
"2026-06-20 15:10:15.145","61,54","True","177,9","1326","731","Drone Avionics Console - Google Chrome","0","False","MANUAL_OVERRIDE","True","175","False","2000","0,00","0,00","0,00","0,00","0,00","0,00","0,90","-0,07","-0,18","-1,03","0,06","-1,20","2000","1999","2000","1997","True","True","True","100","-0,0823","0,1697","0,9802","45,889","3,286","-16,674","13,88","4,91","84,76","1,142","30,22","14","True","1,51","True","False","0"
"2026-06-20 15:10:15.543","61,89","True","133","1314","731","Drone Avionics Console - Google Chrome","0","False","MANUAL_OVERRIDE","True","64","False","2000","0,00","0,00","0,00","0,00","0,00","0,00","0,90","-0,07","-0,18","-1,03","0,06","-1,20","2000","1999","2000","1997","True","True","True","100","-0,2958","0,4637","0,8420","-2,959","-1,683","9,066","27,60","7,85","83,84","1,074","30,21","6","True","1,48","True","False","0"
"2026-06-20 15:10:15.904","62,31","True","184,4","1166","734","Drone Avionics Console - Google Chrome","0","False","MANUAL_OVERRIDE","True","209","False","2000","0,00","0,00","0,00","0,00","0,00","0,00","0,90","-0,07","-0,18","-1,03","0,06","-1,20","2000","1999","2000","1997","True","True","True","100","-0,1296","0,4227","0,8667","-25,829","-31,011","10,326","27,86","5,43","88,35","1,018","30,25","8","True","1,46","True","False","0"
"2026-06-20 15:10:16.325","62,68","True","137,9","1137","727","Drone Avionics Console - Google Chrome","0","False","MANUAL_OVERRIDE","True","118","False","2000","0,00","0,00","0,00","0,00","0,00","0,00","0,90","-0,07","-0,18","-1,03","0,06","-1,20","2000","1999","2000","1997","True","True","True","100","-0,0154","0,3619","0,8639","21,935","13,057","-4,499","26,62","2,74","89,68","0,973","30,24","13","True","1,47","True","False","0"
"2026-06-20 15:10:16.687","63,04","True","137,3","1066","739","Drone Avionics Console - Google Chrome","0","False","MANUAL_OVERRIDE","True","218","False","2000","0,00","0,00","0,00","0,00","0,00","0,00","0,90","-0,07","-0,18","-1,03","0,06","-1,20","2000","1999","2000","1997","True","True","True","100","-0,0172","0,4151","0,8931","6,652","7,370","0,623","26,58","2,59","89,39","0,914","30,24","16","True","1,51","True","False","0"
"2026-06-20 15:10:17.066","63,41","True","128,1","974","763","Drone Avionics Console - Google Chrome","0","False","MANUAL_OVERRIDE","True","103","False","2000","0,00","0,00","0,00","0,00","0,00","0,00","0,90","-0,07","-0,18","-1,03","0,06","-1,20","2000","1999","2000","1997","True","True","True","100","-0,0335","0,4156","0,8747","-1,226","3,790","-0,468","26,32","3,59","88,27","0,905","30,23","18","True","1,52","True","False","0"
"2026-06-20 15:10:17.413","63,78","True","149","970","741","Drone Avionics Console - Google Chrome","0","False","MANUAL_OVERRIDE","True","202","False","2000","0,00","0,00","0,00","0,00","0,00","0,00","0,90","-0,07","-0,18","-1,03","0,06","-1,20","2000","1999","2000","1997","True","True","True","100","-0,0829","0,4989","0,9172","-0,783","-5,225","1,677","26,60","4,18","87,21","1,150","30,26","23","True","1,54","True","False","0"
"2026-06-20 15:10:17.788","64,14","True","130,4","970","741","Drone Avionics Console - Google Chrome","0","False","MANUAL_OVERRIDE","True","73","False","2000","0,00","0,00","0,00","0,00","0,00","0,00","0,90","-0,07","-0,18","-1,03","0,06","-1,20","2000","1999","2000","1997","True","True","True","100","-0,0649","0,4339","0,8528","1,293","5,538","-0,125","27,87","4,86","86,17","0,905","30,25","12","True","1,55","True","False","0"
"2026-06-20 15:10:18.133","64,48","True","129,9","970","741","Drone Avionics Console - Google Chrome","0","False","MANUAL_OVERRIDE","True","161","False","2000","0,00","0,00","0,00","0,00","0,00","0,00","0,90","-0,07","-0,18","-1,03","0,06","-1,20","2000","1999","2000","1997","True","True","True","100","-0,0715","0,4509","0,9058","-1,065","-3,317","0,020","26,61","4,06","85,93","1,106","30,26","3","True","1,56","True","False","0"
"2026-06-20 15:10:18.490","64,84","True","130,9","970","739","Drone Avionics Console - Google Chrome","1","False","MANUAL_OVERRIDE","True","32","False","2000","0,00","0,00","0,00","0,00","0,00","0,00","0,90","-0,07","-0,18","-1,03","0,06","-1,20","2000","1999","2000","1997","True","True","True","100","-0,0421","0,4536","0,8841","-1,081","1,592","-0,812","26,65","3,30","85,03","0,914","30,25","8","True","1,58","True","False","0"
"2026-06-20 15:10:18.864","65,21","True","130,4","970","739","Drone Avionics Console - Google Chrome","0","False","MANUAL_OVERRIDE","True","145","False","2000","0,00","0,00","0,00","0,00","0,00","0,00","0,90","-0,07","-0,18","-1,03","0,06","-1,20","2000","1999","2000","1997","True","True","True","100","-0,0636","0,4852","0,9186","1,316","1,691","1,555","26,92","3,66","85,14","1,172","30,28","19","True","1,58","True","False","0"
"2026-06-20 15:10:19.212","65,57","True","142,7","970","739","Drone Avionics Console - Google Chrome","0","False","MANUAL_OVERRIDE","True","237","False","2000","0,00","0,00","0,00","0,00","0,00","0,00","0,90","-0,07","-0,18","-1,03","0,06","-1,20","2000","1999","2000","1997","True","True","True","100","-0,0519","0,4168","0,8886","-0,493","0,630","-0,209","26,11","3,77","85,49","1,006","30,27","15","True","1,57","True","False","0"
"2026-06-20 15:10:19.573","65,94","True","146,4","970","739","Drone Avionics Console - Google Chrome","0","False","MANUAL_OVERRIDE","True","103","False","2000","0,00","0,00","0,00","0,00","0,00","0,00","0,90","-0,07","-0,18","-1,03","0,06","-1,20","2000","1999","2000","1997","True","True","True","100","-0,0620","0,4178","0,8890","2,301","-0,408","-1,247","26,11","3,37","84,92","1,044","30,26","5","True","1,55","True","False","0"
"2026-06-20 15:10:19.933","66,3","True","152","970","739","Drone Avionics Console - Google Chrome","0","False","MANUAL_OVERRIDE","True","228","False","2000","0,00","0,00","0,00","0,00","0,00","0,00","0,90","-0,07","-0,18","-1,03","0,06","-1,20","2000","1999","2000","1997","True","True","True","100","-0,0549","0,4653","0,9100","-2,501","1,012","2,860","26,42","3,45","84,92","1,149","30,28","21","True","1,54","True","False","0"
"2026-06-20 15:10:20.312","66,68","True","149,8","970","739","Drone Avionics Console - Google Chrome","0","False","MANUAL_OVERRIDE","True","101","False","2000","0,00","0,00","0,00","0,00","0,00","0,00","0,90","-0,07","-0,18","-1,03","0,06","-1,20","2000","1999","2000","1997","True","True","True","100","-0,0869","0,5236","0,9362","-2,646","-1,301","2,394","26,74","4,03","85,13","1,064","30,26","11","True","1,52","True","False","0"
"2026-06-20 15:10:20.687","67,03","True","128,8","970","739","Drone Avionics Console - Google Chrome","1","False","MANUAL_OVERRIDE","True","136","False","2000","0,00","0,00","0,00","0,00","0,00","0,00","0,90","-0,07","-0,18","-1,03","0,06","-1,20","2000","1999","2000","1997","True","True","True","100","-0,0627","0,4622","0,9081","0,011","0,569","1,035","26,61","3,99","84,97","1,058","30,28","7","True","1,51","True","False","0"
"2026-06-20 15:10:21.031","67,39","True","142,8","970","739","Drone Avionics Console - Google Chrome","0","False","MANUAL_OVERRIDE","True","469","False","2000","0,00","0,00","0,00","0,00","0,00","0,00","0,90","-0,07","-0,18","-1,03","0,06","-1,20","2000","1999","2000","1997","True","True","True","100","-0,0894","0,4006","0,8803","-2,210","-0,500","0,142","26,45","4,41","84,85","1,058","30,28","20","True","1,51","True","False","0"
"2026-06-20 15:10:21.406","67,77","True","145,1","970","739","Drone Avionics Console - Google Chrome","0","False","MANUAL_OVERRIDE","True","854","False","2000","0,00","0,00","0,00","0,00","0,00","0,00","0,90","-0,07","-0,18","-1,03","0,06","-1,20","2000","1999","2000","1997","True","True","True","100","-0,0568","0,3490","0,8634","3,164","2,859","-1,522","25,82","4,59","85,48","0,915","30,27","18","True","1,48","True","False","0"
"2026-06-20 15:10:21.781","68,13","True","126,1","970","739","Drone Avionics Console - Google Chrome","0","False","MANUAL_OVERRIDE","True","1218","False","2000","0,00","0,00","0,00","0,00","0,00","0,00","0,90","-0,07","-0,18","-1,03","0,06","-1,20","2000","1999","2000","1997","True","True","True","100","-0,0775","0,3736","0,8715","1,873","1,126","-1,560","25,68","4,77","85,53","0,913","30,27","7","True","1,46","True","False","0"
"2026-06-20 15:10:22.124","68,57","True","224,7","970","739","Drone Avionics Console - Google Chrome","0","False","MANUAL_OVERRIDE","True","1573","False","2000","0,00","0,00","0,00","0,00","0,00","0,00","0,90","-0,07","-0,18","-1,03","0,06","-1,20","2000","1999","2000","1997","True","True","True","100","-0,0761","0,4148","0,8957","0,866","0,355","-1,125","25,51","5,03","85,59","0,942","30,29","8","True","1,44","True","False","0"
"2026-06-20 15:10:22.568","69,2","True","414","970","739","Drone Avionics Console - Google Chrome","0","False","MANUAL_OVERRIDE","True","2088","False","2000","0,00","0,00","0,00","0,00","0,00","0,00","0,90","-0,07","-0,18","-1,03","0,06","-1,20","2000","1999","2000","1997","True","True","True","100","-0,0903","0,4448","0,9126","-1,188","-2,210","2,806","25,63","5,07","85,65","1,172","30,31","11","True","1,39","True","False","0"
"2026-06-20 15:10:23.200","69,85","True","432,5","970","739","Drone Avionics Console - Google Chrome","0","False","MANUAL_OVERRIDE","True","2678","False","2000","0,00","0,00","0,00","0,00","0,00","0,00","0,90","-0,07","-0,18","-1,03","0,06","-1,20","2000","1999","2000","1997","True","True","True","100","-0,0552","0,4039","0,8640","0,156","3,546","-1,835","25,69","5,10","85,52","0,930","30,31","22","True","1,37","True","False","0"
"2026-06-20 15:10:23.847","70,5","True","439,8","970","739","Drone Avionics Console - Google Chrome","0","False","MANUAL_OVERRIDE","True","3291","False","2000","0,00","0,00","0,00","0,00","0,00","0,00","0,90","-0,07","-0,18","-1,03","0,06","-1,20","2000","1999","2000","1997","True","True","True","100","-0,0674","0,3855","0,8621","1,019","0,691","-0,949","25,80","5,44","85,21","0,897","30,33","10","True","1,34","True","False","0"
"2026-06-20 15:10:24.495","71,51","True","793,6","968","734","Drone Avionics Console - Google Chrome","0","False","MANUAL_OVERRIDE","True","3942","False","2000","0,00","0,00","0,00","0,00","0,00","0,00","0,90","-0,07","-0,18","-1,03","0,06","-1,20","2000","1999","2000","1997","True","True","True","100","-0,0694","0,4347","0,8897","0,332","-0,500","-0,987","25,83","5,12","85,28","0,943","30,33","16","True","1,32","True","False","0"
"2026-06-20 15:10:25.540","72,31","True","550,2","968","734","Drone Avionics Console - Google Chrome","0","False","MANUAL_OVERRIDE","True","5122","False","2000","0,00","0,00","0,00","0,00","0,00","0,00","0,90","-0,07","-0,18","-1,03","0,06","-1,20","2000","1999","2000","1997","True","True","True","100","-0,0854","0,4359","0,8993","-0,768","1,966","-0,926","25,73","5,31","84,74","0,941","30,34","10","True","1,29","True","False","0"
"2026-06-20 15:10:26.309","72,92","True","396,6","968","734","Drone Avionics Console - Google Chrome","0","False","MANUAL_OVERRIDE","True","208","False","2000","0,00","0,00","0,00","0,00","0,00","0,00","0,90","-0,07","-0,18","-1,03","0,06","-1,20","2000","1999","2000","1997","True","True","True","100","-0,0791","0,3840","0,8741","-0,546","-1,370","-1,758","25,38","5,46","84,69","0,973","30,35","8","True","1,28","True","False","0"
"2026-06-20 15:10:26.942","73,51","True","351,1","968","734","Drone Avionics Console - Google Chrome","0","False","MANUAL_OVERRIDE","True","840","False","2000","0,00","0,00","0,00","0,00","0,00","0,00","0,90","-0,07","-0,18","-1,03","0,06","-1,20","2000","1999","2000","1997","True","True","True","100","-0,0827","0,3877","0,9085","-2,699","3,263","0,272","23,77","4,83","85,22","0,908","30,36","11","True","1,28","True","False","0"
"2026-06-20 15:10:27.506","74","True","276,1","968","734","Drone Avionics Console - Google Chrome","0","False","MANUAL_OVERRIDE","True","1407","False","2000","0,00","0,00","0,00","0,00","0,00","0,00","0,90","-0,07","-0,18","-1,03","0,06","-1,20","2000","1999","2000","1997","True","True","True","100","-0,1073","0,4304","0,9836","-7,432","-2,362","2,364","20,90","4,84","85,14","1,191","30,34","8","True","1,30","True","False","0"
"2026-06-20 15:10:28.023","74,37","True","129,7","968","734","Drone Avionics Console - Google Chrome","0","False","MANUAL_OVERRIDE","True","1927","False","2000","0,00","0,00","0,00","0,00","0,00","0,00","0,90","-0,07","-0,18","-1,03","0,06","-1,20","2000","1999","2000","1997","True","True","True","100","-0,0718","0,3532","0,9509","-15,226","-0,958","4,295","17,78","4,97","85,15","1,009","30,35","21","True","1,32","True","False","0"
"2026-06-20 15:10:28.368","74,72","True","131","968","734","Drone Avionics Console - Google Chrome","0","False","MANUAL_OVERRIDE","True","2274","False","2000","0,00","0,00","0,00","0,00","0,00","0,00","0,90","-0,07","-0,18","-1,03","0,06","-1,20","2000","1999","2000","1997","True","True","True","100","-0,0754","0,2736","1,0156","-17,569","-0,111","-0,216","11,53","5,36","84,69","1,050","30,34","11","True","1,33","True","False","0"
"2026-06-20 15:10:28.717","75,13","True","198,3","968","734","Drone Avionics Console - Google Chrome","0","False","MANUAL_OVERRIDE","True","2640","False","2000","0,00","0,00","0,00","0,00","0,00","0,00","0,90","-0,07","-0,18","-1,03","0,06","-1,20","2000","1999","2000","1997","True","True","True","100","-0,0916","0,1246","0,9942","-32,875","-3,706","-0,026","4,58","5,77","82,54","1,118","30,33","10","True","1,34","True","False","0"
"2026-06-20 15:10:29.154","75,52","True","149,9","968","734","Drone Avionics Console - Google Chrome","0","False","MANUAL_OVERRIDE","True","3051","False","2000","0,00","0,00","0,00","0,00","0,00","0,00","0,90","-0,07","-0,18","-1,03","0,06","-1,20","2000","1999","2000","1997","True","True","True","100","-0,0896","-0,0089","1,0191","-9,394","-0,362","3,081","-2,75","5,95","82,92","1,017","30,32","9","True","1,34","True","False","0"
"2026-06-20 15:10:29.532","75,9","True","146,9","968","734","Drone Avionics Console - Google Chrome","0","False","MANUAL_OVERRIDE","True","3429","False","2000","0,00","0,00","0,00","0,00","0,00","0,00","0,90","-0,07","-0,18","-1,03","0,06","-1,20","2000","1999","2000","1997","True","True","True","100","-0,0874","-0,0645","0,9520","21,171","7,607","-11,980","0,48","6,61","79,73","0,931","30,34","15","True","1,34","True","False","0"
"2026-06-20 15:10:29.927","76,28","True","136,6","968","734","Drone Avionics Console - Google Chrome","0","False","MANUAL_OVERRIDE","True","3825","False","2000","0,00","0,00","0,00","0,00","0,00","0,00","0,90","-0,07","-0,18","-1,03","0,06","-1,20","2000","1999","2000","1997","True","True","True","100","-0,1308","0,0004","0,9716","8,064","2,500","-7,682","2,74","6,66","79,33","0,930","30,35","23","True","1,34","True","False","0"
"2026-06-20 15:10:30.288","76,63","True","127,2","968","734","Drone Avionics Console - Google Chrome","0","False","MANUAL_OVERRIDE","True","4185","False","2000","0,00","0,00","0,00","0,00","0,00","0,00","0,90","-0,07","-0,18","-1,03","0,06","-1,20","2000","1999","2000","1997","True","True","True","100","-0,0411","-0,0315","1,0030","-1,966","-1,027","-7,148","0,13","4,50","79,19","0,992","30,34","2","True","1,33","True","False","0"
"2026-06-20 15:10:30.630","76,98","True","131","968","734","Drone Avionics Console - Google Chrome","0","False","MANUAL_OVERRIDE","True","4528","False","2000","0,00","0,00","0,00","0,00","0,00","0,00","0,90","-0,07","-0,18","-1,03","0,06","-1,20","2000","1999","2000","1997","True","True","True","100","-0,0601","0,0432","1,0227","-3,646","-0,317","3,035","-0,17","4,01","80,38","1,070","30,33","12","True","1,34","True","False","0"
"2026-06-20 15:10:30.979","77,33","True","133,1","968","734","Drone Avionics Console - Google Chrome","0","False","MANUAL_OVERRIDE","True","4880","False","2000","0,00","0,00","0,00","0,00","0,00","0,00","0,90","-0,07","-0,18","-1,03","0,06","-1,20","2000","1999","2000","1997","True","True","True","100","-0,0863","0,0159","1,0178","1,118","0,523","-1,132","-0,03","3,87","81,50","0,957","30,36","5","True","1,34","True","False","0"
"2026-06-20 15:10:31.345","77,69","True","130,4","968","734","Drone Avionics Console - Google Chrome","0","False","MANUAL_OVERRIDE","True","5241","False","2000","0,00","0,00","0,00","0,00","0,00","0,00","0,90","-0,07","-0,18","-1,03","0,06","-1,20","2000","1999","2000","1997","True","True","True","100","-0,0706","0,0054","1,0058","0,561","-0,263","-0,018","0,10","3,90","82,14","0,960","30,35","16","True","1,34","True","False","0"
"2026-06-20 15:10:31.688","78,06","True","158","968","734","Drone Avionics Console - Google Chrome","0","False","MANUAL_OVERRIDE","True","5586","False","2000","0,00","0,00","0,00","0,00","0,00","0,00","0,90","-0,07","-0,18","-1,03","0,06","-1,20","2000","1999","2000","1997","True","True","True","100","-0,0764","-0,0021","1,0002","0,133","-0,729","1,936","-0,18","3,88","82,69","0,968","30,35","14","True","1,34","True","False","0"
"2026-06-20 15:10:32.070","78,5","True","216,3","994","737","Drone Avionics Console - Google Chrome","0","False","MANUAL_OVERRIDE","True","5967","False","2000","0,00","0,00","0,00","0,00","0,00","0,00","0,90","-0,07","-0,18","-1,03","0,06","-1,20","2000","1999","2000","1997","True","True","True","100","-0,0950","0,0660","1,0495","-0,989","-1,752","1,860","-0,11","3,83","82,95","1,099","30,35","16","True","1,35","True","False","0"
"2026-06-20 15:10:32.509","78,86","True","130,2","957","738","Drone Avionics Console - Google Chrome","0","False","MANUAL_OVERRIDE","True","6406","False","2000","0,00","0,00","0,00","0,00","0,00","0,00","0,90","-0,07","-0,18","-1,03","0,06","-1,20","2000","1999","2000","1997","True","True","True","100","-0,1044","0,0689","1,0391","-3,035","-1,920","-1,239","-0,07","3,94","83,16","1,028","30,34","10","True","1,35","True","False","0"
"2026-06-20 15:10:32.869","79,22","True","135,9","962","718","Drone Avionics Console - Google Chrome","0","False","MANUAL_OVERRIDE","True","6766","False","2000","0,00","0,00","0,00","0,00","0,00","0,00","0,90","-0,07","-0,18","-1,03","0,06","-1,20","2000","1999","2000","1997","True","True","True","100","-0,0866","0,0171","1,0522","-0,264","-0,340","1,631","-0,01","3,86","83,58","1,085","30,34","16","True","1,36","True","False","0"
"2026-06-20 15:10:33.247","79,61","True","149,4","1014","710","Drone Avionics Console - Google Chrome","0","False","MANUAL_OVERRIDE","True","7162","False","2000","0,00","0,00","0,00","0,00","0,00","0,00","0,90","-0,07","-0,18","-1,03","0,06","-1,20","2000","1999","2000","1997","True","True","True","100","-0,0538","0,0147","1,0084","0,232","-4,179","8,913","-0,13","3,73","83,89","1,011","30,33","8","True","1,36","True","False","0"
"2026-06-20 15:10:33.640","80,06","True","204,3","987","729","Drone Avionics Console - Google Chrome","0","False","MANUAL_OVERRIDE","True","7548","False","2000","0,00","0,00","0,00","0,00","0,00","0,00","0,90","-0,07","-0,18","-1,03","0,06","-1,20","2000","1999","2000","1997","True","True","True","100","-0,0086","-0,0223","1,0066","-5,119","-3,042","5,875","-0,29","3,77","83,64","1,068","30,33","14","True","1,37","True","False","0"
"2026-06-20 15:10:34.058","80,52","True","240,4","934","735","Drone Avionics Console - Google Chrome","0","False","MANUAL_OVERRIDE","True","7963","False","2000","0,00","0,00","0,00","0,00","0,00","0,00","0,90","-0,07","-0,18","-1,03","0,06","-1,20","2000","1999","2000","1997","True","True","True","100","-0,1036","0,0012","1,0380","5,889","-9,317","14,997","0,29","3,26","86,46","1,122","30,34","5","True","1,39","True","False","0"
"2026-06-20 15:10:34.528","80,89","True","147,9","934","735","Drone Avionics Console - Google Chrome","0","False","MANUAL_OVERRIDE","True","8426","False","2000","0,00","0,00","0,00","0,00","0,00","0,00","0,90","-0,07","-0,18","-1,03","0,06","-1,20","2000","1999","2000","1997","True","True","True","100","-0,0151","0,1607","0,9796","44,102","4,355","-15,209","9,94","-0,17","82,55","0,993","30,34","8","True","1,41","True","False","0"
"2026-06-20 15:10:34.887","81,26","True","157,1","934","735","Drone Avionics Console - Google Chrome","0","False","MANUAL_OVERRIDE","True","8792","False","2000","0,00","0,00","0,00","0,00","0,00","0,00","0,90","-0,07","-0,18","-1,03","0,06","-1,20","2000","1999","2000","1997","True","True","True","100","0,0123","0,2365","0,9527","11,912","-1,866","-4,476","16,35","-0,01","80,31","0,932","30,34","7","True","1,41","True","False","0"
"2026-06-20 15:10:35.278","81,65","True","150","704","574","Drone Avionics Console - Google Chrome","0","False","MANUAL_OVERRIDE","True","9189","False","2000","0,00","0,00","0,00","0,00","0,00","0,00","0,90","-0,07","-0,18","-1,03","0,06","-1,20","2000","1999","2000","1997","True","True","True","100","-0,0501","0,3230","0,9546","6,118","1,576","5,471","20,17","-0,52","80,14","0,944","30,38","18","True","1,43","True","False","0"
"2026-06-20 15:10:35.638","82,02","True","162","1000","575","Drone Avionics Console - Google Chrome","0","False","MANUAL_OVERRIDE","True","9544","False","2000","0,00","0,00","0,00","0,00","0,00","0,00","0,90","-0,07","-0,18","-1,03","0,06","-1,20","2000","1999","2000","1997","True","True","True","100","0,0940","0,3650","0,9065","-19,768","16,096","11,593","23,07","-2,34","84,26","0,908","30,34","12","True","1,45","True","False","0"
"2026-06-20 15:10:36.018","82,51","True","276,1","1000","575","Drone Avionics Console - Google Chrome","0","False","MANUAL_OVERRIDE","True","10052","False","2000","0,00","0,00","0,00","0,00","0,00","0,00","0,90","-0,07","-0,18","-1,03","0,06","-1,20","2000","1999","2000","1997","True","True","True","100","0,1027","0,3636","0,9463","8,805","9,134","-3,270","21,95","-1,77","82,87","0,982","30,37","17","True","1,47","True","False","0"
"2026-06-20 15:10:36.520","82,88","True","139","1000","575","Drone Avionics Console - Google Chrome","0","False","MANUAL_OVERRIDE","True","10425","False","2000","0,00","0,00","0,00","0,00","0,00","0,00","0,90","-0,07","-0,18","-1,03","0,06","-1,20","2000","1999","2000","1997","True","True","True","100","0,0540","0,3756","0,9167","-2,050","-7,446","-5,621","21,82","-2,67","80,75","0,971","30,35","12","True","1,48","True","False","0"
"2026-06-20 15:10:36.898","83,25","True","134,6","946","483","Drone Avionics Console - Google Chrome","0","False","MANUAL_OVERRIDE","True","10802","False","2000","0,00","0,00","0,00","0,00","0,00","0,00","0,90","-0,07","-0,18","-1,03","0,06","-1,20","2000","1999","2000","1997","True","True","True","100","0,0334","0,4077","0,8389","-1,653","1,363","-5,132","25,80","-1,98","79,95","0,955","30,36","9","True","1,50","True","False","0"
"2026-06-20 15:10:37.277","83,66","True","169,1","1039","586","Drone Avionics Console - Google Chrome","0","False","MANUAL_OVERRIDE","True","11182","False","2000","0,00","0,00","0,00","0,00","0,00","0,00","0,90","-0,07","-0,18","-1,03","0,06","-1,20","2000","1999","2000","1997","True","True","True","100","0,0044","0,4538","0,9510","1,599","1,050","1,944","24,94","-2,08","79,58","1,153","30,37","17","True","1,50","True","False","0"
"2026-06-20 15:10:37.667","84,02","True","137,2","1083","525","Drone Avionics Console - Google Chrome","0","False","MANUAL_OVERRIDE","True","11563","False","2000","0,00","0,00","0,00","0,00","0,00","0,00","0,90","-0,07","-0,18","-1,03","0,06","-1,20","2000","1999","2000","1997","True","True","True","100","0,0232","0,4409","0,9121","1,324","0,958","0,455","25,27","-1,68","80,18","0,999","30,34","17","True","1,51","True","False","0"
"2026-06-20 15:10:38.027","84,39","True","149,9","1098","526","Drone Avionics Console - Google Chrome","0","False","MANUAL_OVERRIDE","True","11934","False","2000","0,00","0,00","0,00","0,00","0,00","0,00","0,90","-0,07","-0,18","-1,03","0,06","-1,20","2000","1999","2000","1997","True","True","True","100","0,0214","0,4379","0,9116","0,591","-1,546","0,066","25,40","-1,56","80,74","1,044","30,36","19","True","1,50","True","False","0"
"2026-06-20 15:10:38.407","84,77","True","148,9","1318","518","Drone Avionics Console - Google Chrome","0","False","MANUAL_OVERRIDE","True","12307","False","2000","0,00","0,00","0,00","0,00","0,00","0,00","0,90","-0,07","-0,18","-1,03","0,06","-1,20","2000","1999","2000","1997","True","True","True","100","0,0341","0,4583","0,8955","-0,317","0,447","0,959","25,54","-1,48","81,07","1,003","30,36","12","True","1,49","True","False","0"
"2026-06-20 15:10:38.783","85,14","True","134,5","1320","520","Drone Avionics Console - Google Chrome","0","False","MANUAL_OVERRIDE","True","12680","False","2000","0,00","0,00","0,00","0,00","0,00","0,00","0,90","-0,07","-0,18","-1,03","0,06","-1,20","2000","1999","2000","1997","True","True","True","100","0,0174","0,4119","0,9009","3,408","-0,095","-1,163","25,95","-1,44","81,22","0,959","30,36","11","True","1,48","True","False","0"
"2026-06-20 15:10:39.130","85,48","True","133","1154","618","Drone Avionics Console - Google Chrome","0","False","MANUAL_OVERRIDE","True","13027","False","2000","0,00","0,00","0,00","0,00","0,00","0,00","0,90","-0,07","-0,18","-1,03","0,06","-1,20","2000","1999","2000","1997","True","True","True","100","0,0279","0,4383","0,8856","1,889","0,935","-0,041","26,23","-1,32","81,45","1,009","30,35","15","True","1,48","True","False","0"
"2026-06-20 15:10:39.478","85,85","True","158,1","1107","666","Drone Avionics Console - Google Chrome","0","False","MANUAL_OVERRIDE","True","13376","False","2000","0,00","0,00","0,00","0,00","0,00","0,00","0,90","-0,07","-0,18","-1,03","0,06","-1,20","2000","1999","2000","1997","True","True","True","100","0,0014","0,4735","0,8952","2,728","0,874","0,906","26,98","-1,02","81,51","1,062","30,36","18","True","1,47","True","False","0"
"2026-06-20 15:10:39.855","86,21","True","137,5","1107","666","Drone Avionics Console - Google Chrome","0","False","MANUAL_OVERRIDE","True","13751","False","2000","0,00","0,00","0,00","0,00","0,00","0,00","0,90","-0,07","-0,18","-1,03","0,06","-1,20","2000","1999","2000","1997","True","True","True","100","0,0159","0,4503","0,8877","-1,119","-0,439","-0,728","27,18","-1,01","81,65","0,893","30,35","14","True","1,45","True","False","0"
"2026-06-20 15:10:40.230","86,58","True","130,6","466","570","Drone Avionics Console - Google Chrome","0","False","MANUAL_OVERRIDE","True","14127","False","2000","0,00","0,00","0,00","0,00","0,00","0,00","0,90","-0,07","-0,18","-1,03","0,06","-1,20","2000","1999","2000","1997","True","True","True","100","0,0430","0,1896","0,9443","-50,142","11,309","2,532","11,31","-1,07","84,50","0,932","30,36","8","True","1,44","True","False","0"
"2026-06-20 15:10:40.589","86,96","True","156,1","225","518","Drone Avionics Console - Google Chrome","0","False","MANUAL_OVERRIDE","True","14486","False","2000","0,00","0,00","0,00","0,00","0,00","0,00","0,90","-0,07","-0,18","-1,03","0,06","-1,20","2000","1999","2000","1997","True","True","True","100","-0,0608","0,0798","0,9545","-25,317","2,752","-18,720","3,71","3,90","82,09","0,940","30,38","3","True","1,43","True","False","0"
"2026-06-20 15:10:40.963","87,33","True","146","321","506","Drone Avionics Console - Google Chrome","0","False","MANUAL_OVERRIDE","True","14875","False","2000","0,00","0,00","0,00","0,00","0,00","0,00","0,90","-0,07","-0,18","-1,03","0,06","-1,20","2000","1999","2000","1997","True","True","True","100","-0,0664","-0,0780","1,0638","-28,821","-28,340","0,738","-7,80","-0,06","79,57","1,101","30,34","6","True","1,43","True","False","0"
"2026-06-20 15:10:41.354","87,7","True","131","570","500","Drone Avionics Console - Google Chrome","0","False","MANUAL_OVERRIDE","True","15255","False","2000","0,00","0,00","0,00","0,00","0,00","0,00","0,90","-0,07","-0,18","-1,03","0,06","-1,20","2000","1999","2000","1997","True","True","True","100","0,1007","-0,1943","0,9495","18,683","-31,737","-16,812","-9,27","-7,53","76,27","0,914","30,35","3","True","1,44","True","False","0"
"2026-06-20 15:10:41.714","88,08","True","150","778","591","Drone Avionics Console - Google Chrome","0","False","MANUAL_OVERRIDE","True","15617","False","2000","0,00","0,00","0,00","0,00","0,00","0,00","0,90","-0,07","-0,18","-1,03","0,06","-1,20","2000","1999","2000","1997","True","True","True","100","0,2688","-0,0654","0,8886","18,354","6,767","-7,797","-2,10","-14,77","70,39","0,864","30,35","18","True","1,44","True","False","0"
"2026-06-20 15:10:42.086","88,44","True","139,9","201","428","Drone Avionics Console - Google Chrome","0","False","MANUAL_OVERRIDE","True","15984","False","2000","0,00","0,00","0,00","0,00","0,00","0,00","0,90","-0,07","-0,18","-1,03","0,06","-1,20","2000","1999","2000","1997","True","True","True","100","0,0841","0,0320","0,9564","-6,493","47,783","-2,850","1,82","1,11","78,94","0,910","30,34","7","True","1,46","True","False","0"
"2026-06-20 15:10:42.450","88,81","True","143,6","86","479","Drone Avionics Console - Google Chrome","0","False","MANUAL_OVERRIDE","True","16348","False","2000","0,00","0,00","0,00","0,00","0,00","0,00","0,90","-0,07","-0,18","-1,03","0,06","-1,20","2000","1999","2000","1997","True","True","True","100","-0,2122","-0,0479","0,9692","24,240","39,500","6,318","2,92","15,04","81,79","1,017","30,35","7","True","1,49","True","False","0"
"2026-06-20 15:10:42.811","89,16","True","131","75","494","Drone Avionics Console - Google Chrome","0","False","MANUAL_OVERRIDE","True","16709","False","2000","0,00","0,00","0,00","0,00","0,00","0,00","0,90","-0,07","-0,18","-1,03","0,06","-1,20","2000","1999","2000","1997","True","True","True","100","-0,2686","0,1404","0,9305","-4,722","8,882","-2,339","6,18","19,37","86,17","0,978","30,33","5","True","1,52","True","False","0"
"2026-06-20 15:10:43.156","89,51","True","133,1","75","494","Drone Avionics Console - Google Chrome","1","False","MANUAL_OVERRIDE","True","17054","False","2000","0,00","0,00","0,00","0,00","0,00","0,00","0,90","-0,07","-0,18","-1,03","0,06","-1,20","2000","1999","2000","1997","True","True","True","100","-0,4001","-0,0378","0,9823","10,530","-31,126","-23,186","3,41","22,41","89,37","1,116","30,35","15","True","1,57","True","False","0"
"2026-06-20 15:10:43.505","89,89","True","163","75","494","Drone Avionics Console - Google Chrome","1","False","MANUAL_OVERRIDE","True","17413","False","2000","0,00","0,00","0,00","0,00","0,00","0,00","0,90","-0,07","-0,18","-1,03","0,06","-1,20","2000","1999","2000","1997","True","True","True","100","-0,2260","0,3747","0,9073","24,996","-65,072","-19,552","24,58","6,81","85,26","0,955","30,34","21","True","1,59","True","False","0"
"2026-06-20 15:10:43.886","90,24","True","133","75","494","Drone Avionics Console - Google Chrome","0","False","MANUAL_OVERRIDE","True","17783","False","2000","0,00","0,00","0,00","0,00","0,00","0,00","0,90","-0,07","-0,18","-1,03","0,06","-1,20","2000","1999","2000","1997","True","True","True","100","0,1502","0,1812","0,9880","-50,745","-30,630","41,868","12,89","-12,03","93,16","1,086","30,33","8","True","1,61","True","False","0"
"2026-06-20 15:10:44.266","90,64","True","158","75","494","Drone Avionics Console - Google Chrome","0","False","MANUAL_OVERRIDE","True","18177","False","2000","0,00","0,00","0,00","0,00","0,00","0,00","0,90","-0,07","-0,18","-1,03","0,06","-1,20","2000","1999","2000","1997","True","True","True","100","0,0958","-0,0765","1,0311","-42,188","55,714","51,539","-3,03","-2,80","105,96","1,048","30,34","5","True","1,62","True","False","0"
"2026-06-20 15:10:44.644","91,07","True","205,9","75","494","Drone Avionics Console - Google Chrome","0","False","MANUAL_OVERRIDE","True","18586","False","2000","0,00","0,00","0,00","0,00","0,00","0,00","0,90","-0,07","-0,18","-1,03","0,06","-1,20","2000","1999","2000","1997","True","True","True","100","-0,2449","-0,1691","0,9377","61,759","35,065","-15,919","5,80","16,10","102,51","0,933","30,34","6","True","1,61","True","False","0"
"2026-06-20 15:10:45.101","91,47","True","153","75","494","Drone Avionics Console - Google Chrome","0","False","MANUAL_OVERRIDE","True","19005","False","2000","0,00","0,00","0,00","0,00","0,00","0,00","0,90","-0,07","-0,18","-1,03","0,06","-1,20","2000","1999","2000","1997","True","True","True","100","-0,2844","0,1980","0,8789","35,759","-37,943","-17,361","23,71","12,30","95,61","0,879","30,33","12","True","1,61","True","False","0"
"2026-06-20 15:10:45.494","91,86","True","149,9","75","494","Drone Avionics Console - Google Chrome","0","False","MANUAL_OVERRIDE","True","19394","False","2000","0,00","0,00","0,00","0,00","0,00","0,00","0,90","-0,07","-0,18","-1,03","0,06","-1,20","2000","1999","2000","1997","True","True","True","100","-0,2665","0,2482","0,9095","-36,325","19,668","18,959","21,66","14,24","97,70","1,003","30,33","23","True","1,62","True","False","0"
"2026-06-20 15:10:45.887","92,31","True","202,4","75","494","Drone Avionics Console - Google Chrome","0","False","MANUAL_OVERRIDE","True","19800","False","2000","0,00","0,00","0,00","0,00","0,00","0,00","0,90","-0,07","-0,18","-1,03","0,06","-1,20","2000","1999","2000","1997","True","True","True","100","-0,0417","-0,1533","0,9628","-40,791","-60,912","0,310","-1,19","-0,09","101,84","0,952","30,34","12","True","1,62","True","False","0"
"2026-06-20 15:10:46.303","92,79","True","266,6","75","494","Drone Avionics Console - Google Chrome","0","False","MANUAL_OVERRIDE","True","20219","False","2000","0,00","0,00","0,00","0,00","0,00","0,00","0,90","-0,07","-0,18","-1,03","0,06","-1,20","2000","1999","2000","1997","True","True","True","100","0,3219","0,0361","0,9465","27,209","-9,737","-30,774","4,54","-18,14","80,29","0,995","30,34","8","True","1,62","True","False","0"
"2026-06-20 15:10:46.807","93,18","True","153","498","529","Drone Avionics Console - Google Chrome","0","False","MANUAL_OVERRIDE","True","20710","False","2000","0,00","0,00","0,00","0,00","0,00","0,00","0,90","-0,07","-0,18","-1,03","0,06","-1,20","2000","1999","2000","1997","True","True","True","100","0,2434","0,2397","0,8956","12,202","4,683","-7,056","15,87","-13,90","73,50","0,923","30,33","10","True","1,62","True","False","0"
"2026-06-20 15:10:47.202","93,61","True","190,7","931","560","Drone Avionics Console - Google Chrome","0","False","MANUAL_OVERRIDE","True","21143","False","2000","0,00","0,00","0,00","0,00","0,00","0,00","0,90","-0,07","-0,18","-1,03","0,06","-1,20","2000","1999","2000","1997","True","True","True","100","0,2412","0,1802","0,9423","-42,127","1,126","39,410","9,18","-15,38","80,70","1,003","30,32","4","True","1,63","True","False","0"
"2026-06-20 15:10:47.613","94,02","True","193","931","560","Drone Avionics Console - Google Chrome","1","False","MANUAL_OVERRIDE","True","21537","False","2000","0,00","0,00","0,00","0,00","0,00","0,00","0,90","-0,07","-0,18","-1,03","0,06","-1,20","2000","1999","2000","1997","True","True","True","100","0,1170","-0,0432","1,0071","-0,325","37,454","11,394","2,42","-3,95","89,23","1,012","30,32","23","True","1,63","True","False","0"
"2026-06-20 15:10:48.037","94,4","True","147,5","1255","743","Drone Avionics Console - Google Chrome","0","False","MANUAL_OVERRIDE","True","21935","False","2000","0,00","0,00","0,00","0,00","0,00","0,00","0,90","-0,07","-0,18","-1,03","0,06","-1,20","2000","1999","2000","1997","True","True","True","100","-0,1769","-0,1079","0,9405","-16,913","14,783","8,646","-1,57","9,19","92,26","0,949","30,32","5","True","1,65","True","False","0"
"2026-06-20 15:10:48.401","94,79","True","173,9","1255","743","Drone Avionics Console - Google Chrome","0","False","MANUAL_OVERRIDE","True","22310","False","2000","0,00","0,00","0,00","0,00","0,00","0,00","0,90","-0,07","-0,18","-1,03","0,06","-1,20","2000","1999","2000","1997","True","True","True","100","-0,1036","-0,0434","1,0496","11,774","-38,439","-15,171","-1,38","1,45","89,32","1,094","30,32","8","True","1,66","True","False","0"
"2026-06-20 15:10:48.798","95,22","True","208,1","1255","743","Drone Avionics Console - Google Chrome","1","False","MANUAL_OVERRIDE","True","77","False","1800","0,00","0,00","0,00","0,00","0,00","0,00","0,90","-0,07","-0,18","-1,03","0,06","-1,20","2000","1999","2000","1997","True","True","True","100","0,1430","0,1014","1,0086","18,812","1,966","-18,308","7,72","-8,15","79,50","0,970","30,34","8","True","1,67","True","False","0"
"2026-06-20 15:10:49.223","95,57","True","131","1255","743","Drone Avionics Console - Google Chrome","0","False","MANUAL_OVERRIDE","True","474","False","1800","0,00","0,00","0,00","0,00","0,00","0,00","0,90","-0,07","-0,18","-1,03","0,06","-1,20","2000","1999","2000","1997","True","True","True","100","0,0458","0,2309","0,9710","21,209","38,271","-3,216","16,18","-0,42","77,06","0,949","30,34","13","True","1,67","True","False","0"
"2026-06-20 15:10:49.604","95,97","True","147,4","1255","743","Drone Avionics Console - Google Chrome","0","False","MANUAL_OVERRIDE","True","845","False","1800","0,00","0,00","0,00","0,00","0,00","0,00","0,90","-0,07","-0,18","-1,03","0,06","-1,20","2000","1999","2000","1997","True","True","True","100","-0,1938","0,2459","0,9412","-35,859","40,622","18,722","12,24","12,92","85,51","0,853","30,30","23","True","1,67","True","False","0"
"2026-06-20 15:10:49.981","97,34","True","1140,5","1090","723","Drone Avionics Console - Google Chrome","2","False","MANUAL_OVERRIDE","True","515","False","1800","0,00","0,00","0,00","0,00","0,00","0,00","0,90","-0,07","-0,18","-1,03","0,06","-1,20","2000","1999","2000","1997","True","True","True","100","-0,0479","0,2362","0,9519","-10,119","-32,072","-0,690","14,55","1,74","88,31","1,001","30,31","10","True","1,68","True","False","0"
"2026-06-20 15:10:51.330","97,95","True","399,9","1090","723","Drone Avionics Console - Google Chrome","0","False","MANUAL_OVERRIDE","True","51","False","1800","0,00","0,00","0,00","0,00","0,00","0,00","0,90","-0,07","-0,18","-1,03","0,06","-1,20","1800","1799","1802","1797","True","True","True","100","-0,0309","-0,1715","0,9669","-24,966","13,615","20,417","-7,35","0,02","97,26","0,974","30,31","18","True","1,67","True","False","0"
"2026-06-20 15:10:51.942","98,93","True","767,1","1090","723","Drone Avionics Console - Google Chrome","0","False","MANUAL_OVERRIDE","True","8","False","1800","0,00","0,00","0,00","0,00","0,00","0,00","0,90","-0,07","-0,18","-1,03","0,06","-1,20","1800","1799","1802","1797","True","True","True","100","0,0138","-0,3810","0,8942","2,553","-0,683","-0,224","-18,72","-1,13","86,07","0,948","30,30","3","True","1,67","True","False","0"
"2026-06-20 15:10:52.924","99,76","True","617,9","1090","723","Drone Avionics Console - Google Chrome","0","False","MANUAL_OVERRIDE","True","1010","False","1800","0,00","0,00","0,00","0,00","0,00","0,00","0,90","-0,07","-0,18","-1,03","0,06","-1,20","1800","1799","1802","1797","True","True","True","100","0,0107","0,4232","0,9550","40,904","-3,195","-14,132","23,67","-1,94","69,30","1,162","30,32","9","True","1,64","True","False","0"
"2026-06-20 15:10:53.777","100,31","True","317,2","1090","723","Drone Avionics Console - Google Chrome","0","False","MANUAL_OVERRIDE","True","1847","False","1800","0,00","0,00","0,00","0,00","0,00","0,00","0,90","-0,07","-0,18","-1,03","0,06","-1,20","1800","1799","1802","1797","True","True","True","100","0,0239","0,4354","0,8956","-15,333","8,401","0,761","24,61","-2,72","77,29","0,936","30,28","22","True","1,64","True","False","0"
"2026-06-20 15:10:54.314","101,01","True","480,4","1090","723","Drone Avionics Console - Google Chrome","0","False","MANUAL_OVERRIDE","True","2419","False","1800","0,00","0,00","0,00","0,00","0,00","0,00","0,90","-0,07","-0,18","-1,03","0,06","-1,20","1800","1799","1802","1797","True","True","True","100","0,0479","-0,0557","1,0055","-21,951","0,630","23,119","-4,27","-3,49","91,76","1,055","30,33","23","True","1,64","True","False","0"
"2026-06-20 15:10:55.009","101,61","True","384,5","1090","723","Drone Avionics Console - Google Chrome","0","False","MANUAL_OVERRIDE","True","3081","False","1800","0,00","0,00","0,00","0,00","0,00","0,00","0,90","-0,07","-0,18","-1,03","0,06","-1,20","1800","1799","1802","1797","True","True","True","100","0,0333","-0,3349","0,9438","-2,752","3,676","-1,789","-17,04","-3,48","87,96","0,992","30,31","15","True","1,63","True","False","0"
"2026-06-20 15:10:55.608","101,95","True","127,8","1090","723","Drone Avionics Console - Google Chrome","0","False","MANUAL_OVERRIDE","True","3676","False","1800","0,00","0,00","0,00","0,00","0,00","0,00","0,90","-0,07","-0,18","-1,03","0,06","-1,20","1800","1799","1802","1797","True","True","True","100","0,0175","-0,2449","1,0206","18,064","8,569","-3,468","-15,15","-2,64","82,61","1,121","30,29","10","True","1,64","True","False","0"
"2026-06-20 15:10:55.966","102,33","True","146","1080","641","Drone Avionics Console - Google Chrome","0","False","MANUAL_OVERRIDE","True","4029","False","1800","0,00","0,00","0,00","0,00","0,00","0,00","0,90","-0,07","-0,18","-1,03","0,06","-1,20","1800","1799","1802","1797","True","True","True","100","0,0163","-0,0695","0,9937","48,881","-8,729","-24,499","-1,97","-1,71","77,61","1,033","30,30","23","True","1,65","True","False","0"
"2026-06-20 15:10:56.329","102,71","True","164,1","1064","541","Drone Avionics Console - Google Chrome","0","False","MANUAL_OVERRIDE","True","4391","False","1800","0,00","0,00","0,00","0,00","0,00","0,00","0,90","-0,07","-0,18","-1,03","0,06","-1,20","1800","1799","1802","1797","True","True","True","100","-0,0272","-0,0923","0,9376","-53,768","0,370","19,150","-4,52","1,37","80,41","0,964","30,30","11","True","1,68","True","False","0"
"2026-06-20 15:10:56.719","103,11","True","175,9","1064","541","Drone Avionics Console - Google Chrome","0","False","MANUAL_OVERRIDE","True","4836","False","1800","0,00","0,00","0,00","0,00","0,00","0,00","0,90","-0,07","-0,18","-1,03","0,06","-1,20","1800","1799","1802","1797","True","True","True","100","-0,0001","0,0181","0,9998","33,774","-2,164","-8,339","1,54","0,88","80,51","0,942","30,32","12","True","1,70","True","False","0"
"2026-06-20 15:10:57.129","103,48","True","128,4","1064","541","Drone Avionics Console - Google Chrome","0","False","MANUAL_OVERRIDE","True","5192","False","1800","0,00","0,00","0,00","0,00","0,00","0,00","0,90","-0,07","-0,18","-1,03","0,06","-1,20","1800","1799","1802","1797","True","True","True","100","-0,0149","-0,0378","1,0099","17,461","-3,431","-1,667","-2,13","0,67","82,52","1,053","30,31","5","True","1,71","True","False","0"
"2026-06-20 15:10:57.475","103,95","True","256,1","1064","541","Drone Avionics Console - Google Chrome","0","False","MANUAL_OVERRIDE","True","5598","False","1800","0,00","0,00","0,00","0,00","0,00","0,00","0,90","-0,07","-0,18","-1,03","0,06","-1,20","1800","1799","1802","1797","True","True","True","100","-0,0191","-0,0505","0,9703","12,263","-3,668","-5,339","-0,85","1,08","83,15","0,903","30,30","11","True","1,70","True","False","0"
"2026-06-20 15:10:57.946","104,29","True","129","1064","541","Drone Avionics Console - Google Chrome","0","False","MANUAL_OVERRIDE","True","6008","False","1800","0,00","0,00","0,00","0,00","0,00","0,00","0,90","-0,07","-0,18","-1,03","0,06","-1,20","1800","1799","1802","1797","True","True","True","100","-0,0105","0,0217","1,0695","0,164","1,096","0,684","-0,73","0,77","84,06","1,030","30,31","23","True","1,68","True","False","0"
"2026-06-20 15:10:58.316","104,66","True","128","1064","541","Drone Avionics Console - Google Chrome","0","False","MANUAL_OVERRIDE","True","6378","False","1800","0,00","0,00","0,00","0,00","0,00","0,00","0,90","-0,07","-0,18","-1,03","0,06","-1,20","1800","1799","1802","1797","True","True","True","100","-0,0043","0,0057","0,9868","33,996","-5,607","-13,262","2,22","0,52","83,27","0,966","30,31","18","True","1,67","True","False","0"
"2026-06-20 15:10:58.662","105,01","True","131,7","1064","541","Drone Avionics Console - Google Chrome","0","False","MANUAL_OVERRIDE","True","6725","False","1800","0,00","0,00","0,00","0,00","0,00","0,00","0,90","-0,07","-0,18","-1,03","0,06","-1,20","1800","1799","1802","1797","True","True","True","100","0,0373","0,1373","0,9325","14,301","-16,256","-11,652","10,96","-2,23","80,16","0,875","30,31","7","True","1,66","True","False","0"
"2026-06-20 15:10:59.020","105,37","True","131","1064","541","Drone Avionics Console - Google Chrome","0","False","MANUAL_OVERRIDE","True","7084","False","1800","0,00","0,00","0,00","0,00","0,00","0,00","0,90","-0,07","-0,18","-1,03","0,06","-1,20","1800","1799","1802","1797","True","True","True","100","0,2041","0,0890","0,9392","-30,516","-8,301","15,608","4,91","-10,96","82,47","0,906","30,29","17","True","1,65","True","False","0"
"2026-06-20 15:10:59.380","105,73","True","130,1","1064","541","Drone Avionics Console - Google Chrome","0","False","MANUAL_OVERRIDE","True","7443","False","1800","0,00","0,00","0,00","0,00","0,00","0,00","0,90","-0,07","-0,18","-1,03","0,06","-1,20","1800","1799","1802","1797","True","True","True","100","0,1027","-0,0500","0,9897","1,431","49,554","10,058","-1,10","-1,63","87,22","0,953","30,30","13","True","1,64","True","False","0"
"2026-06-20 15:10:59.725","106,09","True","150","1064","541","Drone Avionics Console - Google Chrome","0","False","MANUAL_OVERRIDE","True","7788","False","1800","0,00","0,00","0,00","0,00","0,00","0,00","0,90","-0,07","-0,18","-1,03","0,06","-1,20","1800","1799","1802","1797","True","True","True","100","-0,2036","0,0976","0,9244","31,248","-10,958","-18,949","9,48","8,58","85,01","0,851","30,31","5","True","1,63","True","False","0"
"2026-06-20 15:11:00.104","106,5","True","176","1064","541","Drone Avionics Console - Google Chrome","0","False","MANUAL_OVERRIDE","True","8169","False","1800","0,00","0,00","0,00","0,00","0,00","0,00","0,90","-0,07","-0,18","-1,03","0,06","-1,20","1800","1799","1802","1797","True","True","True","100","-0,0059","0,2448","1,0239","-28,577","-30,164","14,295","10,64","-4,95","84,70","1,166","30,32","20","True","1,63","True","False","0"
"2026-06-20 15:11:00.516","106,86","True","129","1058","562","Drone Avionics Console - Google Chrome","0","False","MANUAL_OVERRIDE","True","8578","False","1800","0,00","0,00","0,00","0,00","0,00","0,00","0,90","-0,07","-0,18","-1,03","0,06","-1,20","1800","1799","1802","1797","True","True","True","100","0,1835","-0,0476","0,9890","-14,966","40,309","29,677","-1,00","-7,66","88,98","0,954","30,29","16","True","1,62","True","False","0"
"2026-06-20 15:11:00.875","107,23","True","132","1062","722","Drone Avionics Console - Google Chrome","0","False","MANUAL_OVERRIDE","True","8937","False","1800","0,00","0,00","0,00","0,00","0,00","0,00","0,90","-0,07","-0,18","-1,03","0,06","-1,20","1800","1799","1802","1797","True","True","True","100","-0,1606","-0,1531","0,9507","1,041","0,790","0,829","-4,79","5,07","91,98","0,942","30,30","3","True","1,61","True","False","0"
"2026-06-20 15:11:01.225","107,57","True","126","861","402","Drone Avionics Console - Google Chrome","0","False","MANUAL_OVERRIDE","True","9287","False","1800","0,00","0,00","0,00","0,00","0,00","0,00","0,90","-0,07","-0,18","-1,03","0,06","-1,20","1800","1799","1802","1797","True","True","True","100","0,0420","-0,1573","1,0138","4,339","-44,286","-12,415","-7,49","-5,62","87,20","1,140","30,29","17","True","1,60","True","False","0"
"2026-06-20 15:11:01.577","107,96","True","160,1","861","402","Drone Avionics Console - Google Chrome","0","False","MANUAL_OVERRIDE","True","9675","False","1800","0,00","0,00","0,00","0,00","0,00","0,00","0,90","-0,07","-0,18","-1,03","0,06","-1,20","1800","1799","1802","1797","True","True","True","100","0,1947","0,0834","0,9874","43,347","37,783","-20,041","8,91","-7,27","75,22","0,948","30,28","9","True","1,60","True","False","0"
"2026-06-20 15:11:01.966","108,32","True","130,9","861","402","Drone Avionics Console - Google Chrome","0","False","MANUAL_OVERRIDE","True","10029","False","1800","0,00","0,00","0,00","0,00","0,00","0,00","0,90","-0,07","-0,18","-1,03","0,06","-1,20","1800","1799","1802","1797","True","True","True","100","-0,2191","0,1679","0,9410","-28,027","28,431","1,417","8,99","12,29","79,41","0,954","30,28","6","True","1,60","True","False","0"
"2026-06-20 15:11:02.313","108,66","True","129,3","861","402","Drone Avionics Console - Google Chrome","0","False","MANUAL_OVERRIDE","True","10375","False","1800","0,00","0,00","0,00","0,00","0,00","0,00","0,90","-0,07","-0,18","-1,03","0,06","-1,20","1800","1799","1802","1797","True","True","True","100","-0,1556","0,2269","0,9852","21,553","-52,362","-5,445","12,21","3,94","82,17","1,184","30,30","18","True","1,61","True","False","0"
"2026-06-20 15:11:02.668","109,02","True","130,4","861","402","Drone Avionics Console - Google Chrome","0","False","MANUAL_OVERRIDE","True","10731","False","1800","0,00","0,00","0,00","0,00","0,00","0,00","0,90","-0,07","-0,18","-1,03","0,06","-1,20","1800","1799","1802","1797","True","True","True","100","0,2188","0,0395","0,9744","-52,004","-19,927","25,440","1,46","-12,27","85,69","1,001","30,30","18","True","1,63","True","False","0"
"2026-06-20 15:11:03.011","109,36","True","129","861","402","Drone Avionics Console - Google Chrome","0","False","MANUAL_OVERRIDE","True","11074","False","1800","0,00","0,00","0,00","0,00","0,00","0,00","0,90","-0,07","-0,18","-1,03","0,06","-1,20","1800","1799","1802","1797","True","True","True","100","0,1436","-0,1656","0,9545","7,538","-4,843","-4,239","-5,95","-9,38","89,18","0,967","30,28","6","True","1,64","True","False","0"
"2026-06-20 15:11:03.354","109,71","True","136","861","402","Drone Avionics Console - Google Chrome","0","False","MANUAL_OVERRIDE","True","11419","False","1800","0,00","0,00","0,00","0,00","0,00","0,00","0,90","-0,07","-0,18","-1,03","0,06","-1,20","1800","1799","1802","1797","True","True","True","100","0,2283","-0,0191","0,9234","23,637","-12,805","-33,155","1,62","-14,27","77,25","0,900","30,29","18","True","1,65","True","False","0"
"2026-06-20 15:11:03.715","110,06","True","129","861","402","Drone Avionics Console - Google Chrome","0","False","MANUAL_OVERRIDE","True","11778","False","1800","0,00","0,00","0,00","0,00","0,00","0,00","0,90","-0,07","-0,18","-1,03","0,06","-1,20","1800","1799","1802","1797","True","True","True","100","0,1367","0,1443","1,0080","16,286","32,531","0,539","8,15","-6,98","74,79","1,061","30,29","3","True","1,66","True","False","0"
"2026-06-20 15:11:04.075","110,42","True","127,2","861","402","Drone Avionics Console - Google Chrome","0","False","MANUAL_OVERRIDE","True","12140","False","1800","0,00","0,00","0,00","0,00","0,00","0,00","0,90","-0,07","-0,18","-1,03","0,06","-1,20","1800","1799","1802","1797","True","True","True","100","-0,1485","0,1694","0,9448","-8,752","-17,668","1,868","8,34","3,90","79,32","0,931","30,31","22","True","1,66","True","False","0"
"2026-06-20 15:11:04.417","110,77","True","135,1","861","402","Drone Avionics Console - Google Chrome","0","False","MANUAL_OVERRIDE","True","12479","False","1800","0,00","0,00","0,00","0,00","0,00","0,00","0,90","-0,07","-0,18","-1,03","0,06","-1,20","1800","1799","1802","1797","True","True","True","100","0,1387","0,0871","0,9739","-28,096","-36,813","17,432","4,65","-9,43","82,78","1,046","30,31","17","True","1,67","True","False","0"
"2026-06-20 15:11:04.791","111,14","True","128,5","861","402","Drone Avionics Console - Google Chrome","0","False","MANUAL_OVERRIDE","True","12857","False","1800","0,00","0,00","0,00","0,00","0,00","0,00","0,90","-0,07","-0,18","-1,03","0,06","-1,20","1800","1799","1802","1797","True","True","True","100","0,2316","-0,0508","1,0497","-13,607","46,034","31,898","-4,21","-9,84","88,19","1,147","30,29","5","True","1,69","True","False","0"
"2026-06-20 15:11:05.135","111,48","True","129,8","861","402","Drone Avionics Console - Google Chrome","0","False","MANUAL_OVERRIDE","True","13198","False","1800","0,00","0,00","0,00","0,00","0,00","0,00","0,90","-0,07","-0,18","-1,03","0,06","-1,20","1800","1799","1802","1797","True","True","True","100","-0,1898","-0,1697","0,9385","-6,638","28,462","18,242","-7,54","9,12","94,22","0,948","30,28","23","True","1,70","True","False","0"
"2026-06-20 15:11:05.477","111,83","True","130,3","861","402","Drone Avionics Console - Google Chrome","0","False","MANUAL_OVERRIDE","True","13540","False","1800","0,00","0,00","0,00","0,00","0,00","0,00","0,90","-0,07","-0,18","-1,03","0,06","-1,20","1800","1799","1802","1797","True","True","True","100","-0,2015","-0,0608","0,9264","4,965","-69,599","-26,278","-2,79","4,45","89,99","0,919","30,28","23","True","1,70","True","False","0"
"2026-06-20 15:11:05.825","112,18","True","132,7","861","402","Drone Avionics Console - Google Chrome","0","False","MANUAL_OVERRIDE","True","13888","False","1800","0,00","0,00","0,00","0,00","0,00","0,00","0,90","-0,07","-0,18","-1,03","0,06","-1,20","1800","1799","1802","1797","True","True","True","100","0,1494","0,0868","1,0603","41,477","15,615","-21,652","3,81","-7,47","78,36","1,154","30,28","12","True","1,71","True","False","0"
"2026-06-20 15:11:06.183","112,55","True","150,9","861","402","Drone Avionics Console - Google Chrome","0","False","MANUAL_OVERRIDE","True","14245","False","1800","0,00","0,00","0,00","0,00","0,00","0,00","0,90","-0,07","-0,18","-1,03","0,06","-1,20","1800","1799","1802","1797","True","True","True","100","0,1061","0,2272","0,9484","5,148","-17,622","-12,415","13,38","-8,79","73,99","0,917","30,28","12","True","1,73","True","False","0"
"2026-06-20 15:11:06.543","112,97","True","213,1","861","402","Drone Avionics Console - Google Chrome","0","False","MANUAL_OVERRIDE","True","14611","False","1800","0,00","0,00","0,00","0,00","0,00","0,00","0,90","-0,07","-0,18","-1,03","0,06","-1,20","1800","1799","1802","1797","True","True","True","100","0,0956","0,0328","0,9708","-11,707","22,424","9,982","2,69","-6,54","83,54","0,962","30,30","10","True","1,73","True","False","0"
"2026-06-20 15:11:06.994","113,34","True","128,1","1274","526","Drone Avionics Console - Google Chrome","0","False","MANUAL_OVERRIDE","True","15057","False","1800","0,00","0,00","0,00","0,00","0,00","0,00","0,90","-0,07","-0,18","-1,03","0,06","-1,20","1800","1799","1802","1797","True","True","True","100","0,0877","0,1132","0,9926","-25,752","0,783","12,776","7,44","-7,00","81,42","1,089","30,28","9","True","1,74","True","False","0"
"2026-06-20 15:11:07.353","113,71","True","136,1","1089","431","Drone Avionics Console - Google Chrome","0","False","MANUAL_OVERRIDE","True","15418","False","1800","0,00","0,00","0,00","0,00","0,00","0,00","0,90","-0,07","-0,18","-1,03","0,06","-1,20","1800","1799","1802","1797","True","True","True","100","0,1414","0,0786","0,9557","-4,661","-25,882","-0,323","6,00","-9,49","82,86","0,951","30,30","11","True","1,76","True","False","0"
"2026-06-20 15:11:07.713","114,06","True","129","1106","554","Drone Avionics Console - Google Chrome","0","False","MANUAL_OVERRIDE","True","15784","False","1800","0,00","0,00","0,00","0,00","0,00","0,00","0,90","-0,07","-0,18","-1,03","0,06","-1,20","1800","1799","1802","1797","True","True","True","100","0,1570","0,0039","1,0128","-6,928","9,034","5,623","2,27","-8,86","83,97","1,091","30,30","4","True","1,76","True","False","0"
"2026-06-20 15:11:08.062","114,43","True","151,5","1123","596","Drone Avionics Console - Google Chrome","0","False","MANUAL_OVERRIDE","True","16134","False","1800","0,00","0,00","0,00","0,00","0,00","0,00","0,90","-0,07","-0,18","-1,03","0,06","-1,20","1800","1799","1802","1797","True","True","True","100","0,0756","0,0145","1,0130","-2,020","13,187","-3,003","1,27","-5,34","83,40","1,130","30,29","7","True","1,77","True","False","0"
"2026-06-20 15:11:08.423","114,78","True","136","1123","596","Drone Avionics Console - Google Chrome","0","False","MANUAL_OVERRIDE","True","16486","False","1800","0,00","0,00","0,00","0,00","0,00","0,00","0,90","-0,07","-0,18","-1,03","0,06","-1,20","1800","1799","1802","1797","True","True","True","100","-0,1439","-0,0163","1,0040","3,393","6,950","7,555","1,33","3,92","84,56","1,043","30,30","2","True","1,77","True","False","0"
"2026-06-20 15:11:08.782","115,13","True","126,4","1058","807","Drone Avionics Console - Google Chrome","0","False","MANUAL_OVERRIDE","True","16845","False","1800","0,00","0,00","0,00","0,00","0,00","0,00","0,90","-0,07","-0,18","-1,03","0,06","-1,20","1800","1799","1802","1797","True","True","True","100","-0,0846","-0,0034","1,0189","-2,256","0,355","4,684","1,05","4,07","86,11","1,020","30,29","22","True","1,76","True","False","0"
"2026-06-20 15:11:09.127","115,49","True","144,9","1080","552","Drone Avionics Console - Google Chrome","0","False","MANUAL_OVERRIDE","True","17191","False","1800","0,00","0,00","0,00","0,00","0,00","0,00","0,90","-0,07","-0,18","-1,03","0,06","-1,20","1800","1799","1802","1797","True","True","True","100","-0,1003","0,0209","1,0173","-0,768","-3,225","1,295","0,80","4,15","87,25","1,099","30,29","23","True","1,77","True","False","0"
"2026-06-20 15:11:09.501","115,85","True","131,5","1080","552","Drone Avionics Console - Google Chrome","0","False","MANUAL_OVERRIDE","True","17564","False","1800","0,00","0,00","0,00","0,00","0,00","0,00","0,90","-0,07","-0,18","-1,03","0,06","-1,20","1800","1799","1802","1797","True","True","True","100","-0,0810","0,0128","1,0280","-0,142","-0,821","1,364","0,29","3,97","87,76","1,107","30,29","16","True","1,79","True","False","0"
"2026-06-20 15:11:09.850","116,21","True","146,9","1080","552","Drone Avionics Console - Google Chrome","0","False","MANUAL_OVERRIDE","True","17912","False","1800","0,00","0,00","0,00","0,00","0,00","0,00","0,90","-0,07","-0,18","-1,03","0,06","-1,20","1800","1799","1802","1797","True","True","True","100","-0,0835","0,0015","0,9984","2,370","-1,347","-11,163","0,19","3,90","88,80","1,031","30,30","14","True","1,80","True","False","0"
"2026-06-20 15:11:10.213","116,58","True","146","1259","734","Drone Avionics Console - Google Chrome","0","False","MANUAL_OVERRIDE","True","18279","False","1800","0,00","0,00","0,00","0,00","0,00","0,00","0,90","-0,07","-0,18","-1,03","0,06","-1,20","1800","1799","1802","1797","True","True","True","100","-0,0582","-0,0010","0,9742","2,041","1,546","-9,774","0,08","4,04","88,89","0,915","30,28","14","True","1,80","True","False","0"
"2026-06-20 15:11:10.573","116,92","True","129,6","1260","802","Drone Avionics Console - Google Chrome","0","False","MANUAL_OVERRIDE","True","18636","False","1800","0,00","0,00","0,00","0,00","0,00","0,00","0,90","-0,07","-0,18","-1,03","0,06","-1,20","1800","1799","1802","1797","True","True","True","100","-0,0785","0,0298","1,0207","0,309","1,233","-3,545","0,01","3,99","89,06","1,031","30,28","15","True","1,81","True","False","0"
"2026-06-20 15:11:10.948","117,3","True","130","1255","773","Drone Avionics Console - Google Chrome","0","False","MANUAL_OVERRIDE","True","19011","False","1800","0,00","0,00","0,00","0,00","0,00","0,00","0,90","-0,07","-0,18","-1,03","0,06","-1,20","1800","1799","1802","1797","True","True","True","100","-0,0865","0,0087","1,0064","0,232","-0,592","1,326","0,00","3,97","90,31","1,052","30,29","14","True","1,81","True","False","0"
"2026-06-20 15:11:11.320","117,67","True","134,7","1255","773","Drone Avionics Console - Google Chrome","1","False","MANUAL_OVERRIDE","True","19383","False","1800","0,00","0,00","0,00","0,00","0,00","0,00","0,90","-0,07","-0,18","-1,03","0,06","-1,20","1800","1799","1802","1797","True","True","True","100","-0,0762","0,0063","1,0095","-0,325","-1,607","2,921","-0,01","4,12","89,68","1,042","30,27","7","True","1,81","True","False","0"
"2026-06-20 15:11:11.666","118,03","True","144,1","1255","773","Drone Avionics Console - Google Chrome","0","False","EMERGENCY_STOP","False","19743","False","1800","0,00","0,00","0,00","0,00","0,00","0,00","0,90","-0,07","-0,18","-1,03","0,06","-1,20","1800","1799","1802","1797","True","True","True","100","-0,0745","0,0022","0,9969","0,148","0,172","0,493","0,22","3,71","88,71","0,985","30,29","13","True","1,82","True","False","0"
"2026-06-20 15:11:12.028","118,39","True","145,7","1255","773","Drone Avionics Console - Google Chrome","0","False","EMERGENCY_STOP","False","20090","False","1800","0,00","0,00","0,00","0,00","0,00","0,00","0,90","-0,07","-0,18","-1,03","0,06","-1,20","1800","1799","1802","1797","True","True","True","100","-0,0683","0,0035","1,0021","-0,165","0,164","0,035","0,07","3,99","87,26","1,003","30,30","23","True","1,82","True","False","0"
"2026-06-20 15:11:12.416","118,78","True","143,2","1255","773","Drone Avionics Console - Google Chrome","0","False","EMERGENCY_STOP","False","20486","False","1800","0,00","0,00","0,00","0,00","0,00","0,00","0,90","-0,07","-0,18","-1,03","0,06","-1,20","1800","1799","1802","1797","True","True","True","100","-0,0730","-0,0006","0,9992","0,026","-0,042","-0,094","0,03","4,04","86,36","1,004","30,28","19","True","1,82","True","False","0"
"2026-06-20 15:11:12.788","119,14","True","129,7","1255","773","Drone Avionics Console - Google Chrome","0","False","EMERGENCY_STOP","False","20850","False","1800","0,00","0,00","0,00","0,00","0,00","0,00","0,90","-0,07","-0,18","-1,03","0,06","-1,20","1800","1799","1802","1797","True","True","True","100","-0,0714","-0,0024","0,9986","0,049","0,080","0,074","-0,01","4,06","85,86","1,002","30,29","8","True","1,81","True","False","0"
"2026-06-20 15:11:13.131","119,48","True","131","1255","773","Drone Avionics Console - Google Chrome","0","False","EMERGENCY_STOP","False","21193","False","1800","0,00","0,00","0,00","0,00","0,00","0,00","0,90","-0,07","-0,18","-1,03","0,06","-1,20","1800","1799","1802","1797","True","True","True","100","-0,0715","-0,0014","0,9976","0,026","-0,011","-0,163","-0,03","4,07","85,37","1,000","30,28","22","True","1,81","True","False","0"
"2026-06-20 15:11:13.477","119,83","True","130,8","1255","773","Drone Avionics Console - Google Chrome","0","False","EMERGENCY_STOP","False","21540","False","1800","0,00","0,00","0,00","0,00","0,00","0,00","0,90","-0,07","-0,18","-1,03","0,06","-1,20","1800","1799","1802","1797","True","True","True","100","-0,0724","-0,0018","0,9983","-0,065","-0,065","-0,278","-0,05","4,09","85,22","1,001","30,30","8","True","1,81","True","False","0"
"2026-06-20 15:11:13.834","120,2","True","146,9","1255","773","Drone Avionics Console - Google Chrome","0","False","EMERGENCY_STOP","False","21895","False","1800","0,00","0,00","0,00","0,00","0,00","0,00","0,90","-0,07","-0,18","-1,03","0,06","-1,20","1800","1799","1802","1797","True","True","True","100","-0,0715","-0,0021","0,9983","0,019","-0,050","-0,041","-0,07","4,10","85,06","1,002","30,28","18","True","1,81","True","False","0"
"2026-06-20 15:11:14.195","120,54","True","129,4","1255","773","Drone Avionics Console - Google Chrome","0","False","EMERGENCY_STOP","False","22257","False","1800","0,00","0,00","0,00","0,00","0,00","0,00","0,90","-0,07","-0,18","-1,03","0,06","-1,20","1800","1799","1802","1797","True","True","True","100","-0,0719","-0,0020","0,9976","-0,043","-0,172","-0,125","-0,08","4,11","84,95","1,000","30,28","14","True","1,82","True","False","0"
"2026-06-20 15:11:14.540","120,88","True","126,1","1255","773","Drone Avionics Console - Google Chrome","0","False","EMERGENCY_STOP","False","22602","False","1800","0,00","0,00","0,00","0,00","0,00","0,00","0,90","-0,07","-0,18","-1,03","0,06","-1,20","1800","1799","1802","1797","True","True","True","100","-0,0727","-0,0015","0,9983","-0,043","0,012","-0,048","-0,09","4,12","84,92","1,001","30,30","5","True","1,82","True","False","0"
"2026-06-20 15:11:14.898","121,25","True","129,4","1255","773","Drone Avionics Console - Google Chrome","0","False","EMERGENCY_STOP","False","22961","False","1800","0,00","0,00","0,00","0,00","0,00","0,00","0,90","-0,07","-0,18","-1,03","0,06","-1,20","1800","1799","1802","1797","True","True","True","100","-0,0729","-0,0018","0,9988","-0,020","0,042","-0,117","-0,09","4,12","84,62","1,001","30,30","15","True","1,81","True","False","0"
"2026-06-20 15:11:15.258","121,61","True","130","1255","773","Drone Avionics Console - Google Chrome","0","False","EMERGENCY_STOP","False","23328","False","1800","0,00","0,00","0,00","0,00","0,00","0,00","0,90","-0,07","-0,18","-1,03","0,06","-1,20","1800","1799","1802","1797","True","True","True","100","-0,0724","-0,0021","0,9989","-0,012","0,050","-0,575","-0,10","4,11","84,75","1,002","30,31","16","True","1,80","True","False","0"
"2026-06-20 15:11:15.606","121,96","True","133","1255","773","Drone Avionics Console - Google Chrome","0","False","EMERGENCY_STOP","False","23668","False","1800","0,00","0,00","0,00","0,00","0,00","0,00","0,90","-0,07","-0,18","-1,03","0,06","-1,20","1800","1799","1802","1797","True","True","True","100","-0,0723","-0,0022","0,9971","-0,004","-0,004","-0,155","-0,11","4,12","84,45","0,998","30,30","5","True","1,79","True","False","0"
"2026-06-20 15:11:15.955","122,3","True","132","1219","856","Drone Avionics Console - Google Chrome","0","False","EMERGENCY_STOP","False","24027","False","1800","0,00","0,00","0,00","0,00","0,00","0,00","0,90","-0,07","-0,18","-1,03","0,06","-1,20","1800","1799","1802","1797","True","True","True","100","-0,0724","-0,0027","0,9990","0,026","-0,004","-0,048","-0,11","4,12","84,64","1,003","30,29","17","True","1,78","True","False","0"
"2026-06-20 15:11:16.319","122,67","True","129,4","985","777","Drone Avionics Console - Google Chrome","0","False","EMERGENCY_STOP","False","24382","False","1800","0,00","0,00","0,00","0,00","0,00","0,00","0,90","-0,07","-0,18","-1,03","0,06","-1,20","1800","1799","1802","1797","True","True","True","100","-0,0718","-0,0016","0,9991","0,118","0,065","0,326","-0,10","4,12","84,45","1,003","30,29","6","True","1,75","True","False","0"
"2026-06-20 15:11:16.663","123,03","True","145,7","938","816","Drone Avionics Console - Google Chrome","0","False","EMERGENCY_STOP","False","24726","False","1800","0,00","0,00","0,00","0,00","0,00","0,00","0,90","-0,07","-0,18","-1,03","0,06","-1,20","1800","1799","1802","1797","True","True","True","100","-0,0723","-0,0014","0,9976","0,011","-0,034","0,127","-0,10","4,13","84,52","1,000","30,29","20","True","1,73","True","False","0"
"2026-06-20 15:11:17.038","123,39","True","131,3","939","824","Drone Avionics Console - Google Chrome","0","False","EMERGENCY_STOP","False","25102","False","1800","0,00","0,00","0,00","0,00","0,00","0,00","0,90","-0,07","-0,18","-1,03","0,06","-1,20","1800","1799","1802","1797","True","True","True","100","-0,0714","-0,0015","0,9983","0,011","0,019","-0,339","-0,10","4,13","84,64","1,001","30,28","9","True","1,73","True","False","0"
"2026-06-20 15:11:17.385","123,74","True","134","939","824","ESP-IDF Installation Manager(EIM)","1","False","EMERGENCY_STOP","False","25453","False","1800","0,00","0,00","0,00","0,00","0,00","0,00","0,90","-0,07","-0,18","-1,03","0,06","-1,20","1800","1799","1802","1797","True","True","True","100","-0,0713","-0,0019","0,9984","0,041","0,034","-0,171","-0,10","4,12","84,49","1,001","30,29","20","True","1,72","True","False","0"
"2026-06-20 15:11:17.733","124,08","True","132","939","824","ESP-IDF Installation Manager(EIM)","0","False","EMERGENCY_STOP","False","25795","False","1800","0,00","0,00","0,00","0,00","0,00","0,00","0,90","-0,07","-0,18","-1,03","0,06","-1,20","1800","1799","1802","1797","True","True","True","100","-0,0705","-0,0021","0,9980","-0,012","0,057","0,013","-0,10","4,11","84,53","1,000","30,29","20","True","1,71","True","False","0"
"2026-06-20 15:11:18.080","124,43","True","134,2","974","510","ESP-IDF Installation Manager(EIM)","0","False","EMERGENCY_STOP","False","26144","False","1800","0,00","0,00","0,00","0,00","0,00","0,00","0,90","-0,07","-0,18","-1,03","0,06","-1,20","1800","1799","1802","1797","True","True","True","100","-0,0714","-0,0026","0,9983","0,125","0,042","-0,163","-0,10","4,11","84,51","1,001","30,31","10","True","1,71","True","False","0"
"2026-06-20 15:11:18.430","124,78","True","132","694","366","ESP-IDF Installation Manager(EIM)","0","False","EMERGENCY_STOP","False","26491","False","1800","0,00","0,00","0,00","0,00","0,00","0,00","0,90","-0,07","-0,18","-1,03","0,06","-1,20","1800","1799","1802","1797","True","True","True","100","-0,0722","-0,0012","0,9982","0,019","-0,019","-0,194","-0,10","4,10","84,59","1,000","30,27","22","True","1,71","True","False","0"
"2026-06-20 15:11:18.777","125,13","True","131,7","720","382","ESP-IDF Installation Manager(EIM)","0","False","EMERGENCY_STOP","False","26847","False","1800","0,00","0,00","0,00","0,00","0,00","0,00","0,90","-0,07","-0,18","-1,03","0,06","-1,20","1800","1799","1802","1797","True","True","True","100","-0,0728","-0,0018","0,9977","-0,004","-0,019","-0,033","-0,09","4,10","84,47","1,001","30,29","23","True","1,71","True","False","0"
"2026-06-20 15:11:19.137","125,5","True","143","1000","424","ESP-IDF Installation Manager(EIM)","0","False","EMERGENCY_STOP","False","27210","False","1800","0,00","0,00","0,00","0,00","0,00","0,00","0,90","-0,07","-0,18","-1,03","0,06","-1,20","1800","1799","1802","1797","True","True","True","100","-0,0731","-0,0019","0,9978","-0,020","-0,095","-0,186","-0,10","4,12","84,43","1,000","30,28","15","True","1,69","True","False","0"
"2026-06-20 15:11:19.497","125,88","True","165","1034","386","ESP-IDF Installation Manager(EIM)","0","False","EMERGENCY_STOP","False","27573","False","1800","0,00","0,00","0,00","0,00","0,00","0,00","0,90","-0,07","-0,18","-1,03","0,06","-1,20","1800","1799","1802","1797","True","True","True","100","-0,0721","-0,0015","0,9986","-0,012","-0,027","-0,071","-0,10","4,13","84,43","1,002","30,28","8","True","1,67","True","False","0"
"2026-06-20 15:11:19.876","126,24","True","145,9","1038","381","ESP-IDF Installation Manager(EIM)","0","False","EMERGENCY_STOP","False","27940","False","1800","0,00","0,00","0,00","0,00","0,00","0,00","0,90","-0,07","-0,18","-1,03","0,06","-1,20","1800","1799","1802","1797","True","True","True","100","-0,0714","-0,0025","0,9988","-0,012","-0,172","0,318","-0,10","4,13","84,43","1,002","30,29","18","True","1,64","True","False","0"
"2026-06-20 15:11:20.243","126,59","True","131","1038","381","ESP-IDF Installation Manager(EIM)","0","False","EMERGENCY_STOP","False","28305","False","1800","0,00","0,00","0,00","0,00","0,00","0,00","0,90","-0,07","-0,18","-1,03","0,06","-1,20","1800","1799","1802","1797","True","True","True","100","-0,0733","-0,0010","0,9994","0,041","0,050","0,211","-0,09","4,14","84,56","1,005","30,29","19","True","1,63","True","False","0"
"2026-06-20 15:11:20.622","126,97","True","128","1038","381","ESP-IDF Installation Manager(EIM)","0","False","EMERGENCY_STOP","False","28685","False","1800","0,00","0,00","0,00","0,00","0,00","0,00","0,90","-0,07","-0,18","-1,03","0,06","-1,20","1800","1799","1802","1797","True","True","True","100","-0,0759","-0,0033","0,9887","-0,439","-0,576","-0,491","-0,08","4,18","84,67","0,990","30,32","17","True","1,61","True","False","0"
"2026-06-20 15:11:20.968","127,33","True","145,9","1038","381","ESP-IDF Installation Manager(EIM)","0","False","EMERGENCY_STOP","False","29058","False","1800","0,00","0,00","0,00","0,00","0,00","0,00","0,90","-0,07","-0,18","-1,03","0,06","-1,20","1800","1799","1802","1797","True","True","True","100","-0,0724","0,0001","0,9979","0,064","-0,294","-0,659","-0,07","4,16","84,39","1,004","30,29","8","True","1,61","True","False","0"
"2026-06-20 15:11:21.328","127,85","True","307","1038","381","ESP-IDF Installation Manager(EIM)","0","False","EMERGENCY_STOP","False","29398","False","1800","0,00","0,00","0,00","0,00","0,00","0,00","0,90","-0,07","-0,18","-1,03","0,06","-1,20","1800","1799","1802","1797","True","True","True","100","-0,0724","0,0012","0,9988","0,118","-0,103","-0,003","-0,06","4,14","84,27","1,001","30,28","3","True","1,61","True","False","0"
"2026-06-20 15:11:21.866","128,4","True","317","1038","381","ESP-IDF Installation Manager(EIM)","0","False","EMERGENCY_STOP","False","29975","False","1800","0,00","0,00","0,00","0,00","0,00","0,00","0,90","-0,07","-0,18","-1,03","0,06","-1,20","1800","1799","1802","1797","True","True","True","100","-0,0708","0,0032","0,9998","-0,592","-0,111","-0,652","-0,06","4,13","84,26","1,006","30,29","4","True","1,60","True","False","0"
"2026-06-20 15:11:22.403","129,03","True","409,5","1038","381","ESP-IDF Installation Manager(EIM)","0","False","EMERGENCY_STOP","False","30482","False","1800","0,00","0,00","0,00","0,00","0,00","0,00","0,90","-0,07","-0,18","-1,03","0,06","-1,20","1800","1799","1802","1797","True","True","True","100","-0,0733","-0,0032","0,9983","0,171","-0,111","0,089","-0,05","4,12","84,44","1,001","30,31","16","True","1,60","True","False","0"
"2026-06-20 15:11:23.022","129,7","True","462,5","1038","381","ESP-IDF Installation Manager(EIM)","0","False","EMERGENCY_STOP","False","31121","False","1800","0,00","0,00","0,00","0,00","0,00","0,00","0,90","-0,07","-0,18","-1,03","0,06","-1,20","1800","1799","1802","1797","True","True","True","100","-0,0712","-0,0018","0,9988","-0,104","-0,027","0,211","-0,06","4,11","84,77","1,002","30,31","9","True","1,60","True","False","0"
"2026-06-20 15:11:23.705","130,51","True","589,6","1038","381","ESP-IDF Installation Manager(EIM)","0","False","EMERGENCY_STOP","False","31950","False","1800","0,00","0,00","0,00","0,00","0,00","0,00","0,90","-0,07","-0,18","-1,03","0,06","-1,20","1800","1799","1802","1797","True","True","True","100","-0,0721","-0,0014","0,9984","0,064","0,088","0,013","-0,06","4,10","84,91","1,001","30,29","22","True","1,65","True","False","0"
"2026-06-20 15:11:24.511","131,26","True","531,3","1038","381","ESP-IDF Installation Manager(EIM)","0","False","EMERGENCY_STOP","False","32742","False","1800","0,00","0,00","0,00","0,00","0,00","0,00","0,90","-0,07","-0,18","-1,03","0,06","-1,20","1800","1799","1802","1797","True","True","True","100","-0,0707","-0,0018","0,9982","0,102","0,073","0,104","-0,07","4,07","84,48","1,001","30,30","9","True","1,67","True","False","0"
"2026-06-20 15:11:25.270","131,75","True","258","1038","381","ESP-IDF Installation Manager(EIM)","0","False","EMERGENCY_STOP","False","33345","False","1800","0,00","0,00","0,00","0,00","0,00","0,00","0,90","-0,07","-0,18","-1,03","0,06","-1,20","1800","1799","1802","1797","True","True","True","100","-0,0713","-0,0012","0,9974","-0,012","-0,088","-0,033","-0,07","4,07","84,57","0,999","30,29","15","True","1,66","True","False","0"
"2026-06-20 15:11:25.747","132,36","True","395,9","1038","381","ESP-IDF Installation Manager(EIM)","0","False","EMERGENCY_STOP","False","33958","False","1800","0,00","0,00","0,00","0,00","0,00","0,00","0,90","-0,07","-0,18","-1,03","0,06","-1,20","1800","1799","1802","1797","True","True","True","100","-0,0725","-0,0011","0,9984","0,026","-0,050","0,005","-0,07","4,08","84,68","1,001","30,31","22","True","1,66","True","False","0"
"2026-06-20 15:11:26.378","132,95","True","352,6","1038","381","ESP-IDF Installation Manager(EIM)","0","False","EMERGENCY_STOP","False","34548","False","1800","0,00","0,00","0,00","0,00","0,00","0,00","0,90","-0,07","-0,18","-1,03","0,06","-1,20","1800","1799","1802","1797","True","True","True","100","-0,0702","-0,0017","0,9986","0,080","-0,019","-0,048","-0,06","4,08","84,66","1,001","30,30","23","True","1,66","True","False","0"
"2026-06-20 15:11:26.964","133,31","True","128","1038","381","ESP-IDF Installation Manager(EIM)","0","False","EMERGENCY_STOP","False","35028","False","1800","0,00","0,00","0,00","0,00","0,00","0,00","0,90","-0,07","-0,18","-1,03","0,06","-1,20","1800","1799","1802","1797","True","True","True","100","-0,0706","-0,0013","0,9977","0,041","0,004","-0,026","-0,07","4,08","84,70","1,000","30,29","14","True","1,65","True","False","0"
"2026-06-20 15:11:27.354","133,74","True","163","1021","402","ESP-IDF Installation Manager(EIM)","0","False","EMERGENCY_STOP","False","35431","False","1800","0,00","0,00","0,00","0,00","0,00","0,00","0,90","-0,07","-0,18","-1,03","0,06","-1,20","1800","1799","1802","1797","True","True","True","100","-0,0715","-0,0013","0,9987","0,003","-0,057","-0,110","-0,07","4,08","84,50","1,002","30,29","15","True","1,64","True","False","0"
"2026-06-20 15:11:27.748","134,09","True","128,3","1031","542","ESP-IDF Installation Manager(EIM)","0","False","EMERGENCY_STOP","False","35811","False","1800","0,00","0,00","0,00","0,00","0,00","0,00","0,90","-0,07","-0,18","-1,03","0,06","-1,20","1800","1799","1802","1797","True","True","True","100","-0,0724","-0,0010","0,9989","-0,065","-0,042","-0,155","-0,07","4,09","84,58","1,001","30,31","3","True","1,65","True","False","0"
"2026-06-20 15:11:28.094","134,44","True","130,9","901","773","ESP-IDF Installation Manager(EIM)","0","False","EMERGENCY_STOP","False","36156","False","1800","0,00","0,00","0,00","0,00","0,00","0,00","0,90","-0,07","-0,18","-1,03","0,06","-1,20","1800","1799","1802","1797","True","True","True","100","-0,0718","-0,0008","0,9983","0,011","0,034","-0,125","-0,07","4,08","84,67","1,002","30,30","16","True","1,64","True","False","0"
"2026-06-20 15:11:28.438","134,81","True","150,8","896","843","ESP-IDF Installation Manager(EIM)","0","False","EMERGENCY_STOP","False","36516","False","1800","0,00","0,00","0,00","0,00","0,00","0,00","0,90","-0,07","-0,18","-1,03","0,06","-1,20","1800","1799","1802","1797","True","True","True","100","-0,0712","-0,0012","0,9979","0,026","0,088","-0,087","-0,06","4,09","84,76","1,001","30,30","19","True","1,62","True","False","0"
"2026-06-20 15:11:28.815","135,19","True","158","896","843","","1","False","EMERGENCY_STOP","False","36880","False","1800","0,00","0,00","0,00","0,00","0,00","0,00","0,90","-0,07","-0,18","-1,03","0,06","-1,20","1800","1799","1802","1797","True","True","True","100","-0,0723","-0,0011","0,9981","0,057","-0,027","-0,132","-0,07","4,10","84,81","1,001","30,30","15","True","1,60","True","False","0"
"2026-06-20 15:11:29.196","135,57","True","154","1017","747","","0","False","EMERGENCY_STOP","False","37259","False","1800","0,00","0,00","0,00","0,00","0,00","0,00","0,90","-0,07","-0,18","-1,03","0,06","-1,20","1800","1799","1802","1797","True","True","True","100","-0,0704","-0,0013","0,9981","-0,004","0,012","-0,064","-0,07","4,09","84,84","1,001","30,29","4","True","1,58","True","False","0"
"2026-06-20 15:11:29.573","135,92","True","127","1050","738","","0","False","EMERGENCY_STOP","False","37641","False","1800","0,00","0,00","0,00","0,00","0,00","0,00","0,90","-0,07","-0,18","-1,03","0,06","-1,20","1800","1799","1802","1797","True","True","True","100","-0,0717","-0,0012","0,9984","-0,004","0,019","-0,064","-0,07","4,10","84,80","1,001","30,30","7","True","1,57","True","False","0"
"2026-06-20 15:11:29.919","136,27","True","132,9","1050","738","","0","False","EMERGENCY_STOP","False","37981","False","1800","0,00","0,00","0,00","0,00","0,00","0,00","0,90","-0,07","-0,18","-1,03","0,06","-1,20","1800","1799","1802","1797","True","True","True","100","-0,0716","-0,0016","0,9978","0,011","-0,042","-0,087","-0,07","4,10","84,81","1,000","30,27","20","True","1,55","True","False","0"
"2026-06-20 15:11:30.268","136,62","True","134,2","1050","738","","0","False","EMERGENCY_STOP","False","38333","False","1800","0,00","0,00","0,00","0,00","0,00","0,00","0,90","-0,07","-0,18","-1,03","0,06","-1,20","1800","1799","1802","1797","True","True","True","100","-0,0713","-0,0009","0,9978","0,041","-0,019","-0,255","-0,07","4,09","84,86","1,000","30,30","9","True","1,55","True","False","0"
"2026-06-20 15:11:30.629","136,99","True","144","1050","738","C:\WINDOWS\system32\cmd.exe","1","False","EMERGENCY_STOP","False","38692","False","1800","0,00","0,00","0,00","0,00","0,00","0,00","0,90","-0,07","-0,18","-1,03","0,06","-1,20","1800","1799","1802","1797","True","True","True","100","-0,0718","0,0001","0,9983","-0,035","-0,103","-0,781","-0,07","4,09","84,70","1,002","30,29","23","True","1,53","True","False","0"
"2026-06-20 15:11:30.990","137,35","True","146,7","1264","127","C:\WINDOWS\system32\cmd.exe","0","False","EMERGENCY_STOP","False","39054","False","1800","0,00","0,00","0,00","0,00","0,00","0,00","0,90","-0,07","-0,18","-1,03","0,06","-1,20","1800","1799","1802","1797","True","True","True","100","-0,0724","-0,0011","0,9977","-0,073","0,004","-0,468","-0,07","4,09","84,43","1,000","30,30","3","True","1,52","True","False","0"
"2026-06-20 15:11:31.355","137,7","True","131,5","1308","158","C:\WINDOWS\system32\cmd.exe","0","False","EMERGENCY_STOP","False","39416","False","1800","0,00","0,00","0,00","0,00","0,00","0,00","0,90","-0,07","-0,18","-1,03","0,06","-1,20","1800","1799","1802","1797","True","True","True","100","-0,0725","-0,0017","0,9985","0,041","-0,057","-0,201","-0,07","4,10","84,30","1,002","30,29","16","True","1,52","True","False","0"
"2026-06-20 15:11:31.701","138,06","True","145","1270","142","C:\WINDOWS\system32\cmd.exe","0","False","EMERGENCY_STOP","False","39768","False","1800","0,00","0,00","0,00","0,00","0,00","0,00","0,90","-0,07","-0,18","-1,03","0,06","-1,20","1800","1799","1802","1797","True","True","True","100","-0,0709","-0,0020","0,9984","0,041","-0,072","-0,102","-0,08","4,10","84,38","1,000","30,29","12","True","1,52","True","False","0"
"2026-06-20 15:11:32.066","138,43","True","141,3","1271","142","C:\WINDOWS\system32\cmd.exe","0","False","EMERGENCY_STOP","False","40130","False","1800","0,00","0,00","0,00","0,00","0,00","0,00","0,90","-0,07","-0,18","-1,03","0,06","-1,20","1800","1799","1802","1797","True","True","True","100","-0,0703","-0,0011","0,9980","-0,088","-0,057","-0,064","-0,08","4,10","84,24","1,001","30,31","17","True","1,51","True","False","0"
